<?xml version="1.0" encoding="UTF-8"?><Layout>
<Property name="OverrideCancelPage" type="Integer" value="11"/>
<Property name="OverrideCastPage" type="Integer" value="12"/>
<Property name="ResponsePage" type="Integer" value="13"/>
<Page>
<Property name="BackgroundLabel" type="String" value="L20"/>
<Label uid="L20" x="0" y="0"/>
<Label uid="L33" x="225" y="0"/>
<Label uid="L34" x="688" y="660"/>
<Button uid="L9" x="847" y="725">
<Property name="ButtonStrategy" type="String" value="NextPage"/>
</Button>
<Label uid="L5" x="0" y="1"/>
<Label uid="L2" x="0" y="193"/>
<Label uid="L3" x="0" y="386"/>
<Label uid="L4" x="9" y="602"/>
<Label uid="L35" x="304" y="152"/>
</Page>
<Page>
<Property name="BackgroundLabel" type="String" value="L20"/>
<Label uid="L20" x="0" y="0"/>
<Label uid="L37" x="225" y="0"/>
<Label uid="L19" x="291" y="58"/>
<Label uid="L38" x="225" y="660"/>
<Button uid="L10" x="275" y="725">
<Property name="ButtonStrategy" type="String" value="PreviousPage"/>
</Button>
<Label uid="L15" x="771" y="690"/>
<Button uid="L9" x="847" y="725">
<Property name="ButtonStrategy" type="String" value="NextPage"/>
</Button>
<Label uid="L1" x="0" y="0"/>
<Label uid="L6" x="0" y="186"/>
<Label uid="L3" x="0" y="386"/>
<Label uid="L4" x="9" y="602"/>
<Label uid="L36" x="323" y="303"/>
<ToggleButtonGroup>
<Property name="ToggleButtonGroupStrategy" type="String" value="Race"/>
<ToggleButton uid="B23" x="323" y="361"/>
<ToggleButton uid="B24" x="323" y="423"/>
</ToggleButtonGroup>
</Page>
<Page>
<Property name="BackgroundLabel" type="String" value="L20"/>
<Label uid="L20" x="0" y="0"/>
<Label uid="L40" x="229" y="0"/>
<Label uid="L19" x="291" y="58"/>
<Label uid="L16" x="225" y="690"/>
<Button uid="L10" x="275" y="725">
<Property name="ButtonStrategy" type="String" value="PreviousPage"/>
</Button>
<Label uid="L15" x="771" y="690"/>
<Button uid="L9" x="847" y="725">
<Property name="ButtonStrategy" type="String" value="NextPage"/>
</Button>
<Label uid="L1" x="0" y="0"/>
<Label uid="L6" x="0" y="186"/>
<Label uid="L3" x="0" y="386"/>
<Label uid="L4" x="9" y="602"/>
<Label uid="L39" x="328" y="304"/>
<ToggleButtonGroup>
<Property name="ToggleButtonGroupStrategy" type="String" value="Race"/>
<ToggleButton uid="B26" x="328" y="398"/>
<ToggleButton uid="B27" x="328" y="437"/>
<ToggleButton uid="B28" x="328" y="476"/>
</ToggleButtonGroup>
</Page>
<Page>
<Property name="BackgroundLabel" type="String" value="L20"/>
<Label uid="L20" x="0" y="0"/>
<Label uid="L42" x="229" y="0"/>
<Label uid="L19" x="291" y="58"/>
<Label uid="L16" x="225" y="690"/>
<Button uid="L10" x="275" y="725">
<Property name="ButtonStrategy" type="String" value="PreviousPage"/>
</Button>
<Label uid="L43" x="683" y="690"/>
<Button uid="L9" x="847" y="725">
<Property name="ButtonStrategy" type="String" value="NextPage"/>
</Button>
<Label uid="L1" x="0" y="0"/>
<Label uid="L6" x="0" y="186"/>
<Label uid="L3" x="0" y="386"/>
<Label uid="L4" x="9" y="602"/>
<Label uid="L41" x="328" y="322"/>
<ToggleButtonGroup>
<Property name="ToggleButtonGroupStrategy" type="String" value="Race"/>
<ToggleButton uid="B30" x="328" y="380"/>
<ToggleButton uid="B31" x="328" y="419"/>
<ToggleButton uid="B32" x="328" y="458"/>
</ToggleButtonGroup>
</Page>
<Page>
<Property name="BackgroundLabel" type="String" value="L20"/>
<Label uid="L20" x="0" y="0"/>
<Label uid="L56" x="244" y="0"/>
<Label uid="L62" x="244" y="58"/>
<Label uid="L57" x="244" y="690"/>
<Button uid="L10" x="275" y="725">
<Property name="ButtonStrategy" type="String" value="PreviousPage"/>
</Button>
<Label uid="L58" x="923" y="690"/>
<Button uid="L9" x="847" y="725">
<Property name="ButtonStrategy" type="String" value="NextPage"/>
</Button>
<Label uid="L1" x="0" y="0"/>
<Label uid="L2" x="0" y="193"/>
<Label uid="L7" x="0" y="386"/>
<Label uid="L4" x="9" y="602"/>
<Button uid="L59" x="373" y="361">
<Property name="ButtonStrategy" type="String" value="GoToPage"/>
<Property name="PageNumber" type="Integer" value="8"/>
</Button>
<Button uid="B22" x="573" y="361">
<Property name="ButtonStrategy" type="String" value="GoToPage"/>
<Property name="PageNumber" type="Integer" value="8"/>
</Button>
<Button uid="L60" x="373" y="400">
<Property name="ButtonStrategy" type="String" value="GoToPage"/>
<Property name="PageNumber" type="Integer" value="9"/>
</Button>
<Button uid="B25" x="573" y="400">
<Property name="ButtonStrategy" type="String" value="GoToPage"/>
<Property name="PageNumber" type="Integer" value="9"/>
</Button>
<Button uid="L61" x="373" y="429">
<Property name="ButtonStrategy" type="String" value="GoToPage"/>
<Property name="PageNumber" type="Integer" value="10"/>
</Button>
<Button uid="B29" x="573" y="429">
<Property name="ButtonStrategy" type="String" value="GoToPage"/>
<Property name="PageNumber" type="Integer" value="10"/>
</Button>
<Property name="IsReviewPage" type="String" value="yes"/>
</Page>
<Page>
<Property name="BackgroundLabel" type="String" value="L20"/>
<Label uid="L20" x="0" y="0"/>
<Label uid="L63" x="229" y="0"/>
<Label uid="L64" x="225" y="690"/>
<Button uid="L10" x="275" y="725">
<Property name="ButtonStrategy" type="String" value="PreviousPage"/>
</Button>
<Label uid="L65" x="923" y="690"/>
<Button uid="L13" x="847" y="725">
<Property name="ButtonStrategy" type="String" value="CommitBallot"/>
</Button>
<Label uid="L1" x="0" y="0"/>
<Label uid="L2" x="0" y="193"/>
<Label uid="L3" x="0" y="386"/>
<Label uid="L8" x="0" y="579"/>
<Label uid="L66" x="364" y="311"/>
</Page>
<Page>
<Property name="BackgroundLabel" type="String" value="L21"/>
<Label uid="L21" x="0" y="0"/>
<Label uid="L67" x="116" y="0"/>
<Label uid="L68" x="314" y="58"/>
<Button uid="L14" x="432" y="389">
<Property name="ButtonStrategy" type="String" value="Challenge"/>
</Button>
<Button uid="L12" x="447" y="478">
<Property name="ButtonStrategy" type="String" value="CastBallot"/>
</Button>
</Page>
<Page>
<Property name="BackgroundLabel" type="String" value="L21"/>
<Label uid="L21" x="0" y="0"/>
<Label uid="L69" x="116" y="0"/>
<Label uid="L70" x="240" y="400"/>
</Page>
<Page>
<Property name="BackgroundLabel" type="String" value="L20"/>
<Label uid="L20" x="0" y="0"/>
<Label uid="L45" x="229" y="0"/>
<Label uid="L19" x="291" y="58"/>
<Label uid="L17" x="468" y="660"/>
<Button uid="L46" x="586" y="725">
<Property name="ButtonStrategy" type="String" value="GoToPageRequireSelection"/>
<Property name="PageNumber" type="Integer" value="4"/>
<Property name="NoSelectionPageNumber" type="Integer" value="4"/>
<Property name="ParentCard" type="String" value="B22"/>
</Button>
<Label uid="L17" x="468" y="660"/>
<Button uid="L47" x="586" y="725">
<Property name="ButtonStrategy" type="String" value="GoToPage"/>
<Property name="PageNumber" type="Integer" value="4"/>
</Button>
<Label uid="L1" x="0" y="0"/>
<Label uid="L6" x="0" y="186"/>
<Label uid="L3" x="0" y="386"/>
<Label uid="L4" x="9" y="602"/>
<Label uid="L44" x="328" y="318"/>
<ToggleButtonGroup>
<Property name="ToggleButtonGroupStrategy" type="String" value="Race"/>
<ToggleButton uid="B23" x="328" y="376"/>
<ToggleButton uid="B24" x="328" y="438"/>
</ToggleButtonGroup>
</Page>
<Page>
<Property name="BackgroundLabel" type="String" value="L20"/>
<Label uid="L20" x="0" y="0"/>
<Label uid="L49" x="229" y="0"/>
<Label uid="L19" x="291" y="58"/>
<Label uid="L17" x="468" y="660"/>
<Button uid="L50" x="586" y="725">
<Property name="ButtonStrategy" type="String" value="GoToPageRequireSelection"/>
<Property name="PageNumber" type="Integer" value="4"/>
<Property name="NoSelectionPageNumber" type="Integer" value="4"/>
<Property name="ParentCard" type="String" value="B25"/>
</Button>
<Label uid="L17" x="468" y="660"/>
<Button uid="L51" x="586" y="725">
<Property name="ButtonStrategy" type="String" value="GoToPage"/>
<Property name="PageNumber" type="Integer" value="4"/>
</Button>
<Label uid="L1" x="0" y="0"/>
<Label uid="L6" x="0" y="186"/>
<Label uid="L3" x="0" y="386"/>
<Label uid="L4" x="9" y="602"/>
<Label uid="L48" x="328" y="304"/>
<ToggleButtonGroup>
<Property name="ToggleButtonGroupStrategy" type="String" value="Race"/>
<ToggleButton uid="B26" x="328" y="398"/>
<ToggleButton uid="B27" x="328" y="437"/>
<ToggleButton uid="B28" x="328" y="476"/>
</ToggleButtonGroup>
</Page>
<Page>
<Property name="BackgroundLabel" type="String" value="L20"/>
<Label uid="L20" x="0" y="0"/>
<Label uid="L53" x="225" y="0"/>
<Label uid="L19" x="291" y="58"/>
<Label uid="L17" x="468" y="660"/>
<Button uid="L54" x="581" y="695">
<Property name="ButtonStrategy" type="String" value="GoToPageRequireSelection"/>
<Property name="PageNumber" type="Integer" value="4"/>
<Property name="NoSelectionPageNumber" type="Integer" value="4"/>
<Property name="ParentCard" type="String" value="B29"/>
</Button>
<Label uid="L17" x="468" y="660"/>
<Button uid="L55" x="581" y="695">
<Property name="ButtonStrategy" type="String" value="GoToPage"/>
<Property name="PageNumber" type="Integer" value="4"/>
</Button>
<Label uid="L1" x="0" y="0"/>
<Label uid="L6" x="0" y="186"/>
<Label uid="L3" x="0" y="386"/>
<Label uid="L4" x="9" y="602"/>
<Label uid="L52" x="323" y="307"/>
<ToggleButtonGroup>
<Property name="ToggleButtonGroupStrategy" type="String" value="Race"/>
<ToggleButton uid="B30" x="323" y="365"/>
<ToggleButton uid="B31" x="323" y="404"/>
<ToggleButton uid="B32" x="323" y="443"/>
</ToggleButtonGroup>
</Page>
<Page>
<Property name="BackgroundLabel" type="String" value="L21"/>
<Label uid="L21" x="0" y="0"/>
<Label uid="L71" x="116" y="0"/>
<Label uid="L72" x="238" y="58"/>
<Button uid="L73" x="397" y="389">
<Property name="ButtonStrategy" type="String" value="OverrideCancelConfirm"/>
</Button>
<Button uid="L74" x="391" y="478">
<Property name="ButtonStrategy" type="String" value="OverrideCancelDeny"/>
</Button>
</Page>
<Page>
<Property name="BackgroundLabel" type="String" value="L21"/>
<Label uid="L21" x="0" y="0"/>
<Label uid="L75" x="111" y="0"/>
<Label uid="L76" x="254" y="58"/>
<Button uid="L77" x="404" y="374">
<Property name="ButtonStrategy" type="String" value="OverrideCastConfirm"/>
</Button>
<Button uid="L78" x="386" y="463">
<Property name="ButtonStrategy" type="String" value="OverrideCastDeny"/>
</Button>
</Page>
<Page>
<Property name="BackgroundLabel" type="String" value="L21"/>
<Label uid="L21" x="0" y="0"/>
<Label uid="L79" x="111" y="0"/>
<Label uid="L80" x="176" y="385"/>
</Page>
<Page>
<Property name="BackgroundLabel" type="String" value="L21"/>
<Label uid="L21" x="0" y="0"/>
<Label uid="L81" x="111" y="0"/>
<Label uid="L83" x="346" y="660"/>
<Button uid="L84" x="469" y="695">
<Property name="ButtonStrategy" type="String" value="GoToPage"/>
<Property name="PageNumber" type="Integer" value="1"/>
</Button>
<Label uid="L82" x="118" y="341"/>
</Page>
<Page>
<Property name="BackgroundLabel" type="String" value="L21"/>
<Label uid="L21" x="0" y="0"/>
<Label uid="L85" x="116" y="0"/>
<Label uid="L87" x="351" y="690"/>
<Button uid="L88" x="474" y="725">
<Property name="ButtonStrategy" type="String" value="GoToPage"/>
<Property name="PageNumber" type="Integer" value="2"/>
</Button>
<Label uid="L86" x="123" y="356"/>
</Page>
<Page>
<Property name="BackgroundLabel" type="String" value="L21"/>
<Label uid="L21" x="0" y="0"/>
<Label uid="L89" x="111" y="0"/>
<Label uid="L91" x="346" y="660"/>
<Button uid="L92" x="469" y="695">
<Property name="ButtonStrategy" type="String" value="GoToPage"/>
<Property name="PageNumber" type="Integer" value="3"/>
</Button>
<Label uid="L90" x="118" y="341"/>
</Page>
<Page>
<Property name="BackgroundLabel" type="String" value="L21"/>
<Label uid="L21" x="0" y="0"/>
<Label uid="L93" x="116" y="0"/>
<Label uid="L95" x="351" y="690"/>
<Button uid="L96" x="474" y="725">
<Property name="ButtonStrategy" type="String" value="GoToPage"/>
<Property name="PageNumber" type="Integer" value="7"/>
</Button>
<Label uid="L94" x="123" y="356"/>
</Page>
<Page>
<Property name="BackgroundLabel" type="String" value="L21"/>
<Label uid="L21" x="0" y="0"/>
<Label uid="L97" x="111" y="0"/>
<Label uid="L99" x="346" y="660"/>
<Button uid="L100" x="469" y="695">
<Property name="ButtonStrategy" type="String" value="GoToPage"/>
<Property name="PageNumber" type="Integer" value="8"/>
</Button>
<Label uid="L98" x="118" y="341"/>
</Page>
<Page>
<Property name="BackgroundLabel" type="String" value="L21"/>
<Label uid="L21" x="0" y="0"/>
<Label uid="L101" x="116" y="0"/>
<Label uid="L103" x="351" y="690"/>
<Button uid="L104" x="474" y="725">
<Property name="ButtonStrategy" type="String" value="GoToPage"/>
<Property name="PageNumber" type="Integer" value="9"/>
</Button>
<Label uid="L102" x="123" y="356"/>
</Page>
</Layout>
