<?xml version="1.0" encoding="UTF-8"?><Ballot>
<Property name="StartImageSize" type="Integer" value="1"/>
<ListProperty name="Languages" type="String">
<ListElement value="en"/>
</ListProperty>
<Property name="MaxImageSize" type="Integer" value="1"/>
<Card uid="B1">
<Property name="CardStrategy" type="String" value="RadioButton"/>
<Property name="TitleLabelUID" type="String" value="L26"/>
<SelectableCardElement uid="B2"/>
<SelectableCardElement uid="B3"/>
<SelectableCardElement uid="B4"/>
<ListProperty name="RaceGroup" type="String">
<ListElement value="B1"/>
<ListElement value="B2"/>
<ListElement value="B3"/>
<ListElement value="B4"/>
</ListProperty>
</Card>
<Card uid="B5">
<Property name="CardStrategy" type="String" value="RadioButton"/>
<Property name="TitleLabelUID" type="String" value="L29"/>
<SelectableCardElement uid="B6"/>
<SelectableCardElement uid="B7"/>
<SelectableCardElement uid="B8"/>
<SelectableCardElement uid="B9"/>
<ListProperty name="RaceGroup" type="String">
<ListElement value="B5"/>
<ListElement value="B6"/>
<ListElement value="B7"/>
<ListElement value="B8"/>
<ListElement value="B9"/>
</ListProperty>
</Card>
<Card uid="B10">
<Property name="CardStrategy" type="String" value="RadioButton"/>
<Property name="TitleLabelUID" type="String" value="L31"/>
<SelectableCardElement uid="B11"/>
<SelectableCardElement uid="B12"/>
<SelectableCardElement uid="B13"/>
<SelectableCardElement uid="B14"/>
<ListProperty name="RaceGroup" type="String">
<ListElement value="B10"/>
<ListElement value="B11"/>
<ListElement value="B12"/>
<ListElement value="B13"/>
<ListElement value="B14"/>
</ListProperty>
</Card>
<Card uid="B15">
<Property name="CardStrategy" type="String" value="RadioButton"/>
<Property name="TitleLabelUID" type="String" value="L33"/>
<SelectableCardElement uid="B16"/>
<ListProperty name="RaceGroup" type="String">
<ListElement value="B15"/>
<ListElement value="B16"/>
</ListProperty>
</Card>
<Card uid="B17">
<Property name="CardStrategy" type="String" value="RadioButton"/>
<Property name="TitleLabelUID" type="String" value="L35"/>
<SelectableCardElement uid="B18"/>
<SelectableCardElement uid="B19"/>
<SelectableCardElement uid="B20"/>
<ListProperty name="RaceGroup" type="String">
<ListElement value="B17"/>
<ListElement value="B18"/>
<ListElement value="B19"/>
<ListElement value="B20"/>
</ListProperty>
</Card>
<Card uid="B21">
<Property name="CardStrategy" type="String" value="RadioButton"/>
<Property name="TitleLabelUID" type="String" value="L37"/>
<SelectableCardElement uid="B22"/>
<SelectableCardElement uid="B23"/>
<ListProperty name="RaceGroup" type="String">
<ListElement value="B21"/>
<ListElement value="B22"/>
<ListElement value="B23"/>
</ListProperty>
</Card>
<Card uid="B24">
<Property name="CardStrategy" type="String" value="RadioButton"/>
<Property name="TitleLabelUID" type="String" value="L39"/>
<SelectableCardElement uid="B25"/>
<SelectableCardElement uid="B26"/>
<ListProperty name="RaceGroup" type="String">
<ListElement value="B24"/>
<ListElement value="B25"/>
<ListElement value="B26"/>
</ListProperty>
</Card>
<Card uid="B27">
<Property name="CardStrategy" type="String" value="RadioButton"/>
<Property name="TitleLabelUID" type="String" value="L41"/>
<SelectableCardElement uid="B28"/>
<SelectableCardElement uid="B29"/>
<ListProperty name="RaceGroup" type="String">
<ListElement value="B27"/>
<ListElement value="B28"/>
<ListElement value="B29"/>
</ListProperty>
</Card>
<Card uid="B30">
<Property name="CardStrategy" type="String" value="RadioButton"/>
<Property name="TitleLabelUID" type="String" value="L43"/>
<SelectableCardElement uid="B31"/>
<SelectableCardElement uid="B32"/>
<SelectableCardElement uid="B33"/>
<SelectableCardElement uid="B34"/>
<ListProperty name="RaceGroup" type="String">
<ListElement value="B30"/>
<ListElement value="B31"/>
<ListElement value="B32"/>
<ListElement value="B33"/>
<ListElement value="B34"/>
</ListProperty>
</Card>
<Card uid="B35">
<Property name="CardStrategy" type="String" value="RadioButton"/>
<Property name="TitleLabelUID" type="String" value="L45"/>
<SelectableCardElement uid="B36"/>
<SelectableCardElement uid="B37"/>
<ListProperty name="RaceGroup" type="String">
<ListElement value="B35"/>
<ListElement value="B36"/>
<ListElement value="B37"/>
</ListProperty>
</Card>
<Card uid="B38">
<Property name="CardStrategy" type="String" value="RadioButton"/>
<Property name="TitleLabelUID" type="String" value="L47"/>
<SelectableCardElement uid="B39"/>
<SelectableCardElement uid="B40"/>
<ListProperty name="RaceGroup" type="String">
<ListElement value="B38"/>
<ListElement value="B39"/>
<ListElement value="B40"/>
</ListProperty>
</Card>
<Card uid="B41">
<Property name="CardStrategy" type="String" value="RadioButton"/>
<Property name="TitleLabelUID" type="String" value="L49"/>
<SelectableCardElement uid="B42"/>
<SelectableCardElement uid="B43"/>
<ListProperty name="RaceGroup" type="String">
<ListElement value="B41"/>
<ListElement value="B42"/>
<ListElement value="B43"/>
</ListProperty>
</Card>
<Card uid="B44">
<Property name="CardStrategy" type="String" value="RadioButton"/>
<Property name="TitleLabelUID" type="String" value="L51"/>
<SelectableCardElement uid="B45"/>
<SelectableCardElement uid="B46"/>
<ListProperty name="RaceGroup" type="String">
<ListElement value="B44"/>
<ListElement value="B45"/>
<ListElement value="B46"/>
</ListProperty>
</Card>
<Card uid="B47">
<Property name="CardStrategy" type="String" value="RadioButton"/>
<Property name="TitleLabelUID" type="String" value="L53"/>
<SelectableCardElement uid="B48"/>
<ListProperty name="RaceGroup" type="String">
<ListElement value="B47"/>
<ListElement value="B48"/>
</ListProperty>
</Card>
<Card uid="B49">
<Property name="CardStrategy" type="String" value="RadioButton"/>
<Property name="TitleLabelUID" type="String" value="L55"/>
<SelectableCardElement uid="B50"/>
<SelectableCardElement uid="B51"/>
<ListProperty name="RaceGroup" type="String">
<ListElement value="B49"/>
<ListElement value="B50"/>
<ListElement value="B51"/>
</ListProperty>
</Card>
<Card uid="B52">
<Property name="CardStrategy" type="String" value="RadioButton"/>
<Property name="TitleLabelUID" type="String" value="L57"/>
<SelectableCardElement uid="B53"/>
<SelectableCardElement uid="B54"/>
<ListProperty name="RaceGroup" type="String">
<ListElement value="B52"/>
<ListElement value="B53"/>
<ListElement value="B54"/>
</ListProperty>
</Card>
<Card uid="B55">
<Property name="CardStrategy" type="String" value="RadioButton"/>
<Property name="TitleLabelUID" type="String" value="L59"/>
<SelectableCardElement uid="B56"/>
<SelectableCardElement uid="B57"/>
<ListProperty name="RaceGroup" type="String">
<ListElement value="B55"/>
<ListElement value="B56"/>
<ListElement value="B57"/>
</ListProperty>
</Card>
<Card uid="B58">
<Property name="CardStrategy" type="String" value="RadioButton"/>
<Property name="TitleLabelUID" type="String" value="L61"/>
<SelectableCardElement uid="B59"/>
<SelectableCardElement uid="B60"/>
<ListProperty name="RaceGroup" type="String">
<ListElement value="B58"/>
<ListElement value="B59"/>
<ListElement value="B60"/>
</ListProperty>
</Card>
<Card uid="B61">
<Property name="CardStrategy" type="String" value="RadioButton"/>
<Property name="TitleLabelUID" type="String" value="L63"/>
<SelectableCardElement uid="B62"/>
<ListProperty name="RaceGroup" type="String">
<ListElement value="B61"/>
<ListElement value="B62"/>
</ListProperty>
</Card>
<Card uid="B63">
<Property name="CardStrategy" type="String" value="RadioButton"/>
<Property name="TitleLabelUID" type="String" value="L65"/>
<SelectableCardElement uid="B64"/>
<SelectableCardElement uid="B65"/>
<ListProperty name="RaceGroup" type="String">
<ListElement value="B63"/>
<ListElement value="B64"/>
<ListElement value="B65"/>
</ListProperty>
</Card>
<Card uid="B66">
<Property name="CardStrategy" type="String" value="RadioButton"/>
<Property name="TitleLabelUID" type="String" value="L67"/>
<SelectableCardElement uid="B67"/>
<ListProperty name="RaceGroup" type="String">
<ListElement value="B66"/>
<ListElement value="B67"/>
</ListProperty>
</Card>
<Card uid="B68">
<Property name="CardStrategy" type="String" value="RadioButton"/>
<Property name="TitleLabelUID" type="String" value="L69"/>
<SelectableCardElement uid="B69"/>
<SelectableCardElement uid="B70"/>
<SelectableCardElement uid="B71"/>
<ListProperty name="RaceGroup" type="String">
<ListElement value="B68"/>
<ListElement value="B69"/>
<ListElement value="B70"/>
<ListElement value="B71"/>
</ListProperty>
</Card>
<Card uid="B72">
<Property name="CardStrategy" type="String" value="RadioButton"/>
<Property name="TitleLabelUID" type="String" value="L71"/>
<SelectableCardElement uid="B73"/>
<ListProperty name="RaceGroup" type="String">
<ListElement value="B72"/>
<ListElement value="B73"/>
</ListProperty>
</Card>
</Ballot>
