<?xml version="1.0" encoding="UTF-8"?>
<Ballot>
<Property name="StartImageSize" type="Integer" value="1"/>
<ListProperty name="Languages" type="String">
<ListElement value="en"/>
</ListProperty>
<Property name="MaxImageSize" type="Integer" value="1"/>
<Card uid="B22">
<Property name="CardStrategy" type="String" value="RadioButton"/>
<Property name="TitleLabelUID" type="String" value="L30"/>
<SelectableCardElement uid="B23"/>
<SelectableCardElement uid="B24"/>
<SelectableCardElement uid="B25"/>
</Card>
</Ballot>
