<?xml version="1.0" encoding="UTF-8"?>
<Layout>
<Property name="OverrideCancelPage" type="Integer" value="7"/>
<Property name="OverrideCastPage" type="Integer" value="8"/>
<Property name="ResponsePage" type="Integer" value="9"/>
<Page>
<Property name="BackgroundLabel" type="String" value="L20"/>
<Label uid="L20" x="0" y="0"/>
<Label uid="L26" x="229" y="0"/>
<Label uid="L27" x="712" y="669"/>
<Button uid="L9" x="850" y="705">
<Property name="ButtonStrategy" type="String" value="NextPage"/>
</Button>
<Label uid="L5" x="0" y="0"/>
<Label uid="L2" x="0" y="188"/>
<Label uid="L3" x="0" y="376"/>
<Label uid="L4" x="0" y="588"/>
<Label uid="L28" x="319" y="157"/>
</Page>
<Page>
<Property name="BackgroundLabel" type="String" value="L20"/>
<Label uid="L20" x="0" y="0"/>
<Label uid="L30" x="229" y="0"/>
<Label uid="L19" x="306" y="59"/>
<Label uid="L31" x="225" y="669"/>
<Button uid="L10" x="275" y="705">
<Property name="ButtonStrategy" type="String" value="PreviousPage"/>
</Button>
<Label uid="L32" x="698" y="669"/>
<Button uid="L9" x="850" y="705">
<Property name="ButtonStrategy" type="String" value="NextPage"/>
</Button>
<Label uid="L1" x="0" y="0"/>
<Label uid="L6" x="0" y="188"/>
<Label uid="L3" x="0" y="376"/>
<Label uid="L4" x="0" y="588"/>
<Label uid="L29" x="328" y="277"/>
<ToggleButtonGroup>
<Property name="ToggleButtonGroupStrategy" type="String" value="Race"/>
<ToggleButton uid="B23" x="328" y="336"/>
<ToggleButton uid="B24" x="328" y="398"/>
<ToggleButton uid="B25" x="328" y="460"/>
</ToggleButtonGroup>
</Page>
<Page>
<Property name="BackgroundLabel" type="String" value="L20"/>
<Label uid="L20" x="0" y="0"/>
<Label uid="L36" x="229" y="0"/>
<Label uid="L40" x="230" y="59"/>
<Label uid="L37" x="225" y="669"/>
<Button uid="L10" x="275" y="705">
<Property name="ButtonStrategy" type="String" value="PreviousPage"/>
</Button>
<Label uid="L38" x="722" y="669"/>
<Button uid="L9" x="850" y="705">
<Property name="ButtonStrategy" type="String" value="NextPage"/>
</Button>
<Label uid="L1" x="0" y="0"/>
<Label uid="L2" x="0" y="188"/>
<Label uid="L7" x="0" y="376"/>
<Label uid="L4" x="0" y="588"/>
<Button uid="L39" x="363" y="380">
<Property name="ButtonStrategy" type="String" value="GoToPage"/>
<Property name="PageNumber" type="Integer" value="6"/>
</Button>
<Button uid="B22" x="563" y="380">
<Property name="ButtonStrategy" type="String" value="GoToPage"/>
<Property name="PageNumber" type="Integer" value="6"/>
</Button>
</Page>
<Page>
<Property name="BackgroundLabel" type="String" value="L20"/>
<Label uid="L20" x="0" y="0"/>
<Label uid="L41" x="229" y="0"/>
<Label uid="L42" x="225" y="669"/>
<Button uid="L10" x="275" y="705">
<Property name="ButtonStrategy" type="String" value="PreviousPage"/>
</Button>
<Label uid="L43" x="925" y="669"/>
<Button uid="L13" x="851" y="705">
<Property name="ButtonStrategy" type="String" value="CommitBallot"/>
</Button>
<Label uid="L1" x="0" y="0"/>
<Label uid="L2" x="0" y="188"/>
<Label uid="L3" x="0" y="376"/>
<Label uid="L8" x="0" y="564"/>
<Label uid="L44" x="374" y="301"/>
</Page>
<Page>
<Property name="BackgroundLabel" type="String" value="L21"/>
<Label uid="L21" x="0" y="0"/>
<Label uid="L45" x="116" y="0"/>
<Label uid="L46" x="320" y="59"/>
<Button uid="L14" x="435" y="380">
<Property name="ButtonStrategy" type="String" value="Challenge"/>
</Button>
<Button uid="L12" x="449" y="469">
<Property name="ButtonStrategy" type="String" value="CastBallot"/>
</Button>
</Page>
<Page>
<Property name="BackgroundLabel" type="String" value="L21"/>
<Label uid="L21" x="0" y="0"/>
<Label uid="L47" x="116" y="0"/>
<Label uid="L48" x="251" y="390"/>
</Page>
<Page>
<Property name="BackgroundLabel" type="String" value="L20"/>
<Label uid="L20" x="0" y="0"/>
<Label uid="L34" x="229" y="0"/>
<Label uid="L19" x="306" y="59"/>
<Label uid="L17" x="481" y="669"/>
<Button uid="L35" x="588" y="705">
<Property name="ButtonStrategy" type="String" value="GoToPage"/>
<Property name="PageNumber" type="Integer" value="2"/>
</Button>
<Label uid="L1" x="0" y="0"/>
<Label uid="L6" x="0" y="188"/>
<Label uid="L3" x="0" y="376"/>
<Label uid="L4" x="0" y="588"/>
<Label uid="L33" x="328" y="277"/>
<ToggleButtonGroup>
<Property name="ToggleButtonGroupStrategy" type="String" value="Race"/>
<ToggleButton uid="B23" x="328" y="336"/>
<ToggleButton uid="B24" x="328" y="398"/>
<ToggleButton uid="B25" x="328" y="460"/>
</ToggleButtonGroup>
</Page>
<Page>
<Property name="BackgroundLabel" type="String" value="L21"/>
<Label uid="L21" x="0" y="0"/>
<Label uid="L49" x="116" y="0"/>
<Label uid="L50" x="247" y="59"/>
<Button uid="L51" x="402" y="380">
<Property name="ButtonStrategy" type="String" value="OverrideCancelConfirm"/>
</Button>
<Button uid="L52" x="395" y="469">
<Property name="ButtonStrategy" type="String" value="OverrideCancelDeny"/>
</Button>
</Page>
<Page>
<Property name="BackgroundLabel" type="String" value="L21"/>
<Label uid="L21" x="0" y="0"/>
<Label uid="L53" x="116" y="0"/>
<Label uid="L54" x="268" y="59"/>
<Button uid="L55" x="413" y="380">
<Property name="ButtonStrategy" type="String" value="OverrideCastConfirm"/>
</Button>
<Button uid="L56" x="395" y="469">
<Property name="ButtonStrategy" type="String" value="OverrideCastDeny"/>
</Button>
</Page>
<Page>
<Property name="BackgroundLabel" type="String" value="L21"/>
<Label uid="L21" x="0" y="0"/>
<Label uid="L57" x="116" y="0"/>
<Label uid="L58" x="192" y="390"/>
</Page>
</Layout>
