<?xml version="1.0" encoding="UTF-8"?><Ballot>
<Property name="StartImageSize" type="Integer" value="1"/>
<ListProperty name="Languages" type="String">
<ListElement value="en"/>
</ListProperty>
<Property name="MaxImageSize" type="Integer" value="1"/>
<Card uid="B22">
<Property name="CardStrategy" type="String" value="RadioButton"/>
<Property name="TitleLabelUID" type="String" value="L37"/>
<SelectableCardElement uid="B23"/>
<SelectableCardElement uid="B24"/>
<ListProperty name="RaceGroup" type="String">
<ListElement value="B23"/>
<ListElement value="B24"/>
</ListProperty>
</Card>
<Card uid="B25">
<Property name="CardStrategy" type="String" value="RadioButton"/>
<Property name="TitleLabelUID" type="String" value="L41"/>
<SelectableCardElement uid="B26"/>
<SelectableCardElement uid="B27"/>
<SelectableCardElement uid="B28"/>
<ListProperty name="RaceGroup" type="String">
<ListElement value="B26"/>
<ListElement value="B27"/>
<ListElement value="B28"/>
</ListProperty>
</Card>
<Card uid="B29">
<Property name="CardStrategy" type="String" value="RadioButton"/>
<Property name="TitleLabelUID" type="String" value="L44"/>
<SelectableCardElement uid="B30"/>
<SelectableCardElement uid="B31"/>
<SelectableCardElement uid="B32"/>
<ListProperty name="RaceGroup" type="String">
<ListElement value="B30"/>
<ListElement value="B31"/>
<ListElement value="B32"/>
</ListProperty>
</Card>
</Ballot>
