<?xml version="1.0" encoding="UTF-8"?><Layout>
<Property name="OverrideCancelPage" type="Integer" value="7"/>
<Property name="OverrideCastPage" type="Integer" value="8"/>
<Property name="ResponsePage" type="Integer" value="9"/>
<Page>
<Property name="BackgroundLabel" type="String" value="L20"/>
<Label uid="L20" x="0" y="0"/>
<Label uid="L26" x="229" y="0"/>
<Label uid="L27" x="698" y="690"/>
<Button uid="L9" x="847" y="725">
<Property name="ButtonStrategy" type="String" value="NextPage"/>
</Button>
<Label uid="L5" x="0" y="0"/>
<Label uid="L2" x="0" y="186"/>
<Label uid="L3" x="0" y="371"/>
<Label uid="L4" x="9" y="602"/>
<Label uid="L28" x="309" y="167"/>
</Page>
<Page>
<Property name="BackgroundLabel" type="String" value="L20"/>
<Label uid="L20" x="0" y="0"/>
<Label uid="L30" x="229" y="0"/>
<Label uid="L19" x="296" y="58"/>
<Label uid="L31" x="225" y="690"/>
<Button uid="L10" x="275" y="695">
<Property name="ButtonStrategy" type="String" value="PreviousPage"/>
</Button>
<Label uid="L32" x="683" y="690"/>
<Button uid="L9" x="847" y="725">
<Property name="ButtonStrategy" type="String" value="NextPage"/>
</Button>
<Label uid="L1" x="0" y="1"/>
<Label uid="L6" x="0" y="193"/>
<Label uid="L3" x="0" y="371"/>
<Label uid="L4" x="9" y="602"/>
<Label uid="L29" x="328" y="287"/>
<ToggleButtonGroup>
<Property name="ToggleButtonGroupStrategy" type="String" value="Race"/>
<ToggleButton uid="B23" x="328" y="345"/>
<ToggleButton uid="B24" x="328" y="407"/>
<ToggleButton uid="B25" x="328" y="469"/>
</ToggleButtonGroup>
</Page>
<Page>
<Property name="BackgroundLabel" type="String" value="L20"/>
<Label uid="L20" x="0" y="0"/>
<Label uid="L36" x="244" y="0"/>
<Label uid="L40" x="244" y="58"/>
<Label uid="L37" x="244" y="690"/>
<Button uid="L10" x="275" y="695">
<Property name="ButtonStrategy" type="String" value="PreviousPage"/>
</Button>
<Label uid="L38" x="709" y="690"/>
<Button uid="L9" x="847" y="725">
<Property name="ButtonStrategy" type="String" value="NextPage"/>
</Button>
<Label uid="L1" x="0" y="1"/>
<Label uid="L2" x="0" y="186"/>
<Label uid="L7" x="0" y="386"/>
<Label uid="L4" x="9" y="602"/>
<Button uid="L39" x="373" y="390">
<Property name="ButtonStrategy" type="String" value="GoToPage"/>
<Property name="PageNumber" type="Integer" value="6"/>
</Button>
<Button uid="B22" x="573" y="390">
<Property name="ButtonStrategy" type="String" value="GoToPage"/>
<Property name="PageNumber" type="Integer" value="6"/>
</Button>
<Property name="IsReviewPage" type="String" value="yes"/>
</Page>
<Page>
<Property name="BackgroundLabel" type="String" value="L20"/>
<Label uid="L20" x="0" y="0"/>
<Label uid="L41" x="225" y="0"/>
<Label uid="L42" x="225" y="660"/>
<Button uid="L10" x="275" y="695">
<Property name="ButtonStrategy" type="String" value="PreviousPage"/>
</Button>
<Label uid="L43" x="913" y="660"/>
<Button uid="L13" x="837" y="695">
<Property name="ButtonStrategy" type="String" value="CommitBallot"/>
</Button>
<Label uid="L1" x="0" y="1"/>
<Label uid="L2" x="0" y="186"/>
<Label uid="L3" x="0" y="371"/>
<Label uid="L8" x="0" y="556"/>
<Label uid="L44" x="359" y="296"/>
</Page>
<Page>
<Property name="BackgroundLabel" type="String" value="L21"/>
<Label uid="L21" x="0" y="0"/>
<Label uid="L45" x="111" y="0"/>
<Label uid="L46" x="309" y="58"/>
<Button uid="L14" x="427" y="374">
<Property name="ButtonStrategy" type="String" value="Challenge"/>
</Button>
<Button uid="L12" x="442" y="463">
<Property name="ButtonStrategy" type="String" value="CastBallot"/>
</Button>
</Page>
<Page>
<Property name="BackgroundLabel" type="String" value="L21"/>
<Label uid="L21" x="0" y="0"/>
<Label uid="L47" x="116" y="0"/>
<Label uid="L48" x="240" y="400"/>
</Page>
<Page>
<Property name="BackgroundLabel" type="String" value="L20"/>
<Label uid="L20" x="0" y="0"/>
<Label uid="L34" x="229" y="0"/>
<Label uid="L19" x="296" y="58"/>
<Label uid="L17" x="473" y="690"/>
<Button uid="L35" x="586" y="725">
<Property name="ButtonStrategy" type="String" value="GoToPage"/>
<Property name="PageNumber" type="Integer" value="2"/>
</Button>
<Label uid="L1" x="0" y="1"/>
<Label uid="L6" x="0" y="193"/>
<Label uid="L3" x="0" y="371"/>
<Label uid="L4" x="9" y="602"/>
<Label uid="L33" x="328" y="287"/>
<ToggleButtonGroup>
<Property name="ToggleButtonGroupStrategy" type="String" value="Race"/>
<ToggleButton uid="B23" x="328" y="345"/>
<ToggleButton uid="B24" x="328" y="407"/>
<ToggleButton uid="B25" x="328" y="469"/>
</ToggleButtonGroup>
</Page>
<Page>
<Property name="BackgroundLabel" type="String" value="L21"/>
<Label uid="L21" x="0" y="0"/>
<Label uid="L49" x="111" y="0"/>
<Label uid="L50" x="233" y="58"/>
<Button uid="L51" x="392" y="374">
<Property name="ButtonStrategy" type="String" value="OverrideCancelConfirm"/>
</Button>
<Button uid="L52" x="386" y="463">
<Property name="ButtonStrategy" type="String" value="OverrideCancelDeny"/>
</Button>
</Page>
<Page>
<Property name="BackgroundLabel" type="String" value="L21"/>
<Label uid="L21" x="0" y="0"/>
<Label uid="L53" x="111" y="0"/>
<Label uid="L54" x="254" y="58"/>
<Button uid="L55" x="404" y="374">
<Property name="ButtonStrategy" type="String" value="OverrideCastConfirm"/>
</Button>
<Button uid="L56" x="386" y="463">
<Property name="ButtonStrategy" type="String" value="OverrideCastDeny"/>
</Button>
</Page>
<Page>
<Property name="BackgroundLabel" type="String" value="L21"/>
<Label uid="L21" x="0" y="0"/>
<Label uid="L57" x="111" y="0"/>
<Label uid="L58" x="176" y="385"/>
</Page>
</Layout>
