<?xml version="1.0" encoding="UTF-8"?><Layout>
<Property name="OverrideCancelPage" type="Integer" value="53"/>
<Property name="OverrideCastPage" type="Integer" value="54"/>
<Property name="ResponsePage" type="Integer" value="55"/>
<Page>
<Property name="BackgroundLabel" type="String" value="L20"/>
<Label uid="L20" x="0" y="0"/>
<Label uid="L22" x="250" y="0"/>
<Label uid="L23" x="622" y="660"/>
<Button uid="L9" x="830" y="695">
<Property name="ButtonStrategy" type="String" value="NextPage"/>
</Button>
<Label uid="L5" x="12" y="1"/>
<Label uid="L2" x="12" y="186"/>
<Label uid="L3" x="0" y="371"/>
<Label uid="L4" x="12" y="579"/>
<Label uid="L24" x="250" y="152"/>
</Page>
<Page>
<Property name="BackgroundLabel" type="String" value="L20"/>
<Label uid="L20" x="0" y="0"/>
<Label uid="L26" x="250" y="0"/>
<Label uid="L19" x="250" y="58"/>
<Label uid="L27" x="250" y="690"/>
<Button uid="L10" x="300" y="695">
<Property name="ButtonStrategy" type="String" value="PreviousPage"/>
</Button>
<Label uid="L15" x="707" y="660"/>
<Button uid="L9" x="830" y="695">
<Property name="ButtonStrategy" type="String" value="NextPage"/>
</Button>
<Label uid="L1" x="12" y="1"/>
<Label uid="L6" x="12" y="186"/>
<Label uid="L3" x="0" y="371"/>
<Label uid="L4" x="12" y="579"/>
<Label uid="L25" x="341" y="322"/>
<ToggleButtonGroup>
<Property name="ToggleButtonGroupStrategy" type="String" value="Race"/>
<ToggleButton uid="B2" x="341" y="380"/>
<ToggleButton uid="B3" x="341" y="419"/>
<ToggleButton uid="B4" x="341" y="458"/>
</ToggleButtonGroup>
</Page>
<Page>
<Property name="BackgroundLabel" type="String" value="L20"/>
<Label uid="L20" x="0" y="0"/>
<Label uid="L29" x="250" y="0"/>
<Label uid="L19" x="250" y="58"/>
<Label uid="L16" x="250" y="690"/>
<Button uid="L10" x="300" y="695">
<Property name="ButtonStrategy" type="String" value="PreviousPage"/>
</Button>
<Label uid="L15" x="707" y="660"/>
<Button uid="L9" x="830" y="695">
<Property name="ButtonStrategy" type="String" value="NextPage"/>
</Button>
<Label uid="L1" x="12" y="1"/>
<Label uid="L6" x="12" y="186"/>
<Label uid="L3" x="0" y="371"/>
<Label uid="L4" x="12" y="579"/>
<Label uid="L28" x="336" y="287"/>
<ToggleButtonGroup>
<Property name="ToggleButtonGroupStrategy" type="String" value="Race"/>
<ToggleButton uid="B6" x="336" y="345"/>
<ToggleButton uid="B7" x="336" y="384"/>
<ToggleButton uid="B8" x="336" y="423"/>
<ToggleButton uid="B9" x="336" y="462"/>
</ToggleButtonGroup>
</Page>
<Page>
<Property name="BackgroundLabel" type="String" value="L20"/>
<Label uid="L20" x="0" y="0"/>
<Label uid="L31" x="250" y="0"/>
<Label uid="L19" x="250" y="58"/>
<Label uid="L16" x="250" y="690"/>
<Button uid="L10" x="300" y="695">
<Property name="ButtonStrategy" type="String" value="PreviousPage"/>
</Button>
<Label uid="L15" x="707" y="660"/>
<Button uid="L9" x="830" y="695">
<Property name="ButtonStrategy" type="String" value="NextPage"/>
</Button>
<Label uid="L1" x="12" y="1"/>
<Label uid="L6" x="12" y="186"/>
<Label uid="L3" x="0" y="371"/>
<Label uid="L4" x="12" y="579"/>
<Label uid="L30" x="336" y="287"/>
<ToggleButtonGroup>
<Property name="ToggleButtonGroupStrategy" type="String" value="Race"/>
<ToggleButton uid="B11" x="336" y="345"/>
<ToggleButton uid="B12" x="336" y="384"/>
<ToggleButton uid="B13" x="336" y="423"/>
<ToggleButton uid="B14" x="336" y="462"/>
</ToggleButtonGroup>
</Page>
<Page>
<Property name="BackgroundLabel" type="String" value="L20"/>
<Label uid="L20" x="0" y="0"/>
<Label uid="L33" x="250" y="0"/>
<Label uid="L19" x="250" y="58"/>
<Label uid="L16" x="250" y="690"/>
<Button uid="L10" x="300" y="695">
<Property name="ButtonStrategy" type="String" value="PreviousPage"/>
</Button>
<Label uid="L15" x="707" y="660"/>
<Button uid="L9" x="830" y="695">
<Property name="ButtonStrategy" type="String" value="NextPage"/>
</Button>
<Label uid="L1" x="12" y="1"/>
<Label uid="L6" x="12" y="186"/>
<Label uid="L3" x="0" y="371"/>
<Label uid="L4" x="12" y="579"/>
<Label uid="L32" x="341" y="361"/>
<ToggleButtonGroup>
<Property name="ToggleButtonGroupStrategy" type="String" value="Race"/>
<ToggleButton uid="B16" x="341" y="419"/>
</ToggleButtonGroup>
</Page>
<Page>
<Property name="BackgroundLabel" type="String" value="L20"/>
<Label uid="L20" x="0" y="0"/>
<Label uid="L35" x="250" y="0"/>
<Label uid="L19" x="250" y="58"/>
<Label uid="L16" x="250" y="690"/>
<Button uid="L10" x="300" y="695">
<Property name="ButtonStrategy" type="String" value="PreviousPage"/>
</Button>
<Label uid="L15" x="707" y="660"/>
<Button uid="L9" x="830" y="695">
<Property name="ButtonStrategy" type="String" value="NextPage"/>
</Button>
<Label uid="L1" x="12" y="1"/>
<Label uid="L6" x="12" y="186"/>
<Label uid="L3" x="0" y="371"/>
<Label uid="L4" x="12" y="579"/>
<Label uid="L34" x="341" y="322"/>
<ToggleButtonGroup>
<Property name="ToggleButtonGroupStrategy" type="String" value="Race"/>
<ToggleButton uid="B18" x="341" y="380"/>
<ToggleButton uid="B19" x="341" y="419"/>
<ToggleButton uid="B20" x="341" y="458"/>
</ToggleButtonGroup>
</Page>
<Page>
<Property name="BackgroundLabel" type="String" value="L20"/>
<Label uid="L20" x="0" y="0"/>
<Label uid="L37" x="250" y="0"/>
<Label uid="L19" x="250" y="58"/>
<Label uid="L16" x="250" y="690"/>
<Button uid="L10" x="300" y="695">
<Property name="ButtonStrategy" type="String" value="PreviousPage"/>
</Button>
<Label uid="L15" x="707" y="660"/>
<Button uid="L9" x="830" y="695">
<Property name="ButtonStrategy" type="String" value="NextPage"/>
</Button>
<Label uid="L1" x="12" y="1"/>
<Label uid="L6" x="12" y="186"/>
<Label uid="L3" x="0" y="371"/>
<Label uid="L4" x="12" y="579"/>
<Label uid="L36" x="341" y="341"/>
<ToggleButtonGroup>
<Property name="ToggleButtonGroupStrategy" type="String" value="Race"/>
<ToggleButton uid="B22" x="341" y="399"/>
<ToggleButton uid="B23" x="341" y="438"/>
</ToggleButtonGroup>
</Page>
<Page>
<Property name="BackgroundLabel" type="String" value="L20"/>
<Label uid="L20" x="0" y="0"/>
<Label uid="L39" x="250" y="0"/>
<Label uid="L19" x="250" y="58"/>
<Label uid="L16" x="250" y="690"/>
<Button uid="L10" x="300" y="695">
<Property name="ButtonStrategy" type="String" value="PreviousPage"/>
</Button>
<Label uid="L15" x="707" y="660"/>
<Button uid="L9" x="830" y="695">
<Property name="ButtonStrategy" type="String" value="NextPage"/>
</Button>
<Label uid="L1" x="12" y="1"/>
<Label uid="L6" x="12" y="186"/>
<Label uid="L3" x="0" y="371"/>
<Label uid="L4" x="12" y="579"/>
<Label uid="L38" x="341" y="341"/>
<ToggleButtonGroup>
<Property name="ToggleButtonGroupStrategy" type="String" value="Race"/>
<ToggleButton uid="B25" x="341" y="399"/>
<ToggleButton uid="B26" x="341" y="438"/>
</ToggleButtonGroup>
</Page>
<Page>
<Property name="BackgroundLabel" type="String" value="L20"/>
<Label uid="L20" x="0" y="0"/>
<Label uid="L41" x="250" y="0"/>
<Label uid="L19" x="250" y="58"/>
<Label uid="L16" x="250" y="690"/>
<Button uid="L10" x="300" y="695">
<Property name="ButtonStrategy" type="String" value="PreviousPage"/>
</Button>
<Label uid="L15" x="707" y="660"/>
<Button uid="L9" x="830" y="695">
<Property name="ButtonStrategy" type="String" value="NextPage"/>
</Button>
<Label uid="L1" x="12" y="1"/>
<Label uid="L6" x="12" y="186"/>
<Label uid="L3" x="0" y="371"/>
<Label uid="L4" x="12" y="579"/>
<Label uid="L40" x="336" y="326"/>
<ToggleButtonGroup>
<Property name="ToggleButtonGroupStrategy" type="String" value="Race"/>
<ToggleButton uid="B28" x="336" y="384"/>
<ToggleButton uid="B29" x="336" y="423"/>
</ToggleButtonGroup>
</Page>
<Page>
<Property name="BackgroundLabel" type="String" value="L20"/>
<Label uid="L20" x="0" y="0"/>
<Label uid="L43" x="250" y="0"/>
<Label uid="L19" x="250" y="58"/>
<Label uid="L16" x="250" y="690"/>
<Button uid="L10" x="300" y="695">
<Property name="ButtonStrategy" type="String" value="PreviousPage"/>
</Button>
<Label uid="L15" x="707" y="660"/>
<Button uid="L9" x="830" y="695">
<Property name="ButtonStrategy" type="String" value="NextPage"/>
</Button>
<Label uid="L1" x="12" y="1"/>
<Label uid="L6" x="12" y="186"/>
<Label uid="L3" x="0" y="371"/>
<Label uid="L4" x="12" y="579"/>
<Label uid="L42" x="341" y="302"/>
<ToggleButtonGroup>
<Property name="ToggleButtonGroupStrategy" type="String" value="Race"/>
<ToggleButton uid="B31" x="341" y="360"/>
<ToggleButton uid="B32" x="341" y="399"/>
<ToggleButton uid="B33" x="341" y="438"/>
<ToggleButton uid="B34" x="341" y="477"/>
</ToggleButtonGroup>
</Page>
<Page>
<Property name="BackgroundLabel" type="String" value="L20"/>
<Label uid="L20" x="0" y="0"/>
<Label uid="L45" x="250" y="0"/>
<Label uid="L19" x="250" y="58"/>
<Label uid="L16" x="250" y="690"/>
<Button uid="L10" x="300" y="695">
<Property name="ButtonStrategy" type="String" value="PreviousPage"/>
</Button>
<Label uid="L15" x="707" y="660"/>
<Button uid="L9" x="830" y="695">
<Property name="ButtonStrategy" type="String" value="NextPage"/>
</Button>
<Label uid="L1" x="12" y="1"/>
<Label uid="L6" x="12" y="186"/>
<Label uid="L3" x="0" y="371"/>
<Label uid="L4" x="12" y="579"/>
<Label uid="L44" x="341" y="341"/>
<ToggleButtonGroup>
<Property name="ToggleButtonGroupStrategy" type="String" value="Race"/>
<ToggleButton uid="B36" x="341" y="399"/>
<ToggleButton uid="B37" x="341" y="438"/>
</ToggleButtonGroup>
</Page>
<Page>
<Property name="BackgroundLabel" type="String" value="L20"/>
<Label uid="L20" x="0" y="0"/>
<Label uid="L47" x="250" y="0"/>
<Label uid="L19" x="250" y="58"/>
<Label uid="L16" x="250" y="690"/>
<Button uid="L10" x="300" y="695">
<Property name="ButtonStrategy" type="String" value="PreviousPage"/>
</Button>
<Label uid="L15" x="707" y="660"/>
<Button uid="L9" x="830" y="695">
<Property name="ButtonStrategy" type="String" value="NextPage"/>
</Button>
<Label uid="L1" x="12" y="1"/>
<Label uid="L6" x="12" y="186"/>
<Label uid="L3" x="0" y="371"/>
<Label uid="L4" x="12" y="579"/>
<Label uid="L46" x="341" y="341"/>
<ToggleButtonGroup>
<Property name="ToggleButtonGroupStrategy" type="String" value="Race"/>
<ToggleButton uid="B39" x="341" y="399"/>
<ToggleButton uid="B40" x="341" y="438"/>
</ToggleButtonGroup>
</Page>
<Page>
<Property name="BackgroundLabel" type="String" value="L20"/>
<Label uid="L20" x="0" y="0"/>
<Label uid="L49" x="250" y="0"/>
<Label uid="L19" x="250" y="58"/>
<Label uid="L16" x="250" y="690"/>
<Button uid="L10" x="300" y="695">
<Property name="ButtonStrategy" type="String" value="PreviousPage"/>
</Button>
<Label uid="L15" x="707" y="660"/>
<Button uid="L9" x="830" y="695">
<Property name="ButtonStrategy" type="String" value="NextPage"/>
</Button>
<Label uid="L1" x="12" y="1"/>
<Label uid="L6" x="12" y="186"/>
<Label uid="L3" x="0" y="371"/>
<Label uid="L4" x="12" y="579"/>
<Label uid="L48" x="341" y="341"/>
<ToggleButtonGroup>
<Property name="ToggleButtonGroupStrategy" type="String" value="Race"/>
<ToggleButton uid="B42" x="341" y="399"/>
<ToggleButton uid="B43" x="341" y="438"/>
</ToggleButtonGroup>
</Page>
<Page>
<Property name="BackgroundLabel" type="String" value="L20"/>
<Label uid="L20" x="0" y="0"/>
<Label uid="L51" x="250" y="0"/>
<Label uid="L19" x="250" y="58"/>
<Label uid="L16" x="250" y="690"/>
<Button uid="L10" x="300" y="695">
<Property name="ButtonStrategy" type="String" value="PreviousPage"/>
</Button>
<Label uid="L15" x="707" y="660"/>
<Button uid="L9" x="830" y="695">
<Property name="ButtonStrategy" type="String" value="NextPage"/>
</Button>
<Label uid="L1" x="12" y="1"/>
<Label uid="L6" x="12" y="186"/>
<Label uid="L3" x="0" y="371"/>
<Label uid="L4" x="12" y="579"/>
<Label uid="L50" x="341" y="341"/>
<ToggleButtonGroup>
<Property name="ToggleButtonGroupStrategy" type="String" value="Race"/>
<ToggleButton uid="B45" x="341" y="399"/>
<ToggleButton uid="B46" x="341" y="438"/>
</ToggleButtonGroup>
</Page>
<Page>
<Property name="BackgroundLabel" type="String" value="L20"/>
<Label uid="L20" x="0" y="0"/>
<Label uid="L53" x="250" y="0"/>
<Label uid="L19" x="250" y="58"/>
<Label uid="L16" x="250" y="690"/>
<Button uid="L10" x="300" y="695">
<Property name="ButtonStrategy" type="String" value="PreviousPage"/>
</Button>
<Label uid="L15" x="707" y="660"/>
<Button uid="L9" x="830" y="695">
<Property name="ButtonStrategy" type="String" value="NextPage"/>
</Button>
<Label uid="L1" x="12" y="1"/>
<Label uid="L6" x="12" y="186"/>
<Label uid="L3" x="0" y="371"/>
<Label uid="L4" x="12" y="579"/>
<Label uid="L52" x="341" y="361"/>
<ToggleButtonGroup>
<Property name="ToggleButtonGroupStrategy" type="String" value="Race"/>
<ToggleButton uid="B48" x="341" y="419"/>
</ToggleButtonGroup>
</Page>
<Page>
<Property name="BackgroundLabel" type="String" value="L20"/>
<Label uid="L20" x="0" y="0"/>
<Label uid="L55" x="250" y="0"/>
<Label uid="L19" x="250" y="58"/>
<Label uid="L16" x="250" y="690"/>
<Button uid="L10" x="300" y="695">
<Property name="ButtonStrategy" type="String" value="PreviousPage"/>
</Button>
<Label uid="L15" x="707" y="660"/>
<Button uid="L9" x="830" y="695">
<Property name="ButtonStrategy" type="String" value="NextPage"/>
</Button>
<Label uid="L1" x="12" y="1"/>
<Label uid="L6" x="12" y="186"/>
<Label uid="L3" x="0" y="371"/>
<Label uid="L4" x="12" y="579"/>
<Label uid="L54" x="341" y="341"/>
<ToggleButtonGroup>
<Property name="ToggleButtonGroupStrategy" type="String" value="Race"/>
<ToggleButton uid="B50" x="341" y="399"/>
<ToggleButton uid="B51" x="341" y="438"/>
</ToggleButtonGroup>
</Page>
<Page>
<Property name="BackgroundLabel" type="String" value="L20"/>
<Label uid="L20" x="0" y="0"/>
<Label uid="L57" x="250" y="0"/>
<Label uid="L19" x="250" y="58"/>
<Label uid="L16" x="250" y="690"/>
<Button uid="L10" x="300" y="695">
<Property name="ButtonStrategy" type="String" value="PreviousPage"/>
</Button>
<Label uid="L15" x="707" y="660"/>
<Button uid="L9" x="830" y="695">
<Property name="ButtonStrategy" type="String" value="NextPage"/>
</Button>
<Label uid="L1" x="12" y="1"/>
<Label uid="L6" x="12" y="186"/>
<Label uid="L3" x="0" y="371"/>
<Label uid="L4" x="12" y="579"/>
<Label uid="L56" x="341" y="341"/>
<ToggleButtonGroup>
<Property name="ToggleButtonGroupStrategy" type="String" value="Race"/>
<ToggleButton uid="B53" x="341" y="399"/>
<ToggleButton uid="B54" x="341" y="438"/>
</ToggleButtonGroup>
</Page>
<Page>
<Property name="BackgroundLabel" type="String" value="L20"/>
<Label uid="L20" x="0" y="0"/>
<Label uid="L59" x="250" y="0"/>
<Label uid="L19" x="250" y="58"/>
<Label uid="L16" x="250" y="690"/>
<Button uid="L10" x="300" y="695">
<Property name="ButtonStrategy" type="String" value="PreviousPage"/>
</Button>
<Label uid="L15" x="707" y="660"/>
<Button uid="L9" x="830" y="695">
<Property name="ButtonStrategy" type="String" value="NextPage"/>
</Button>
<Label uid="L1" x="12" y="1"/>
<Label uid="L6" x="12" y="186"/>
<Label uid="L3" x="0" y="371"/>
<Label uid="L4" x="12" y="579"/>
<Label uid="L58" x="336" y="326"/>
<ToggleButtonGroup>
<Property name="ToggleButtonGroupStrategy" type="String" value="Race"/>
<ToggleButton uid="B56" x="336" y="384"/>
<ToggleButton uid="B57" x="336" y="423"/>
</ToggleButtonGroup>
</Page>
<Page>
<Property name="BackgroundLabel" type="String" value="L20"/>
<Label uid="L20" x="0" y="0"/>
<Label uid="L61" x="250" y="0"/>
<Label uid="L19" x="250" y="58"/>
<Label uid="L16" x="250" y="690"/>
<Button uid="L10" x="300" y="695">
<Property name="ButtonStrategy" type="String" value="PreviousPage"/>
</Button>
<Label uid="L15" x="707" y="660"/>
<Button uid="L9" x="830" y="695">
<Property name="ButtonStrategy" type="String" value="NextPage"/>
</Button>
<Label uid="L1" x="12" y="1"/>
<Label uid="L6" x="12" y="186"/>
<Label uid="L3" x="0" y="371"/>
<Label uid="L4" x="12" y="579"/>
<Label uid="L60" x="341" y="341"/>
<ToggleButtonGroup>
<Property name="ToggleButtonGroupStrategy" type="String" value="Race"/>
<ToggleButton uid="B59" x="341" y="399"/>
<ToggleButton uid="B60" x="341" y="438"/>
</ToggleButtonGroup>
</Page>
<Page>
<Property name="BackgroundLabel" type="String" value="L20"/>
<Label uid="L20" x="0" y="0"/>
<Label uid="L63" x="250" y="0"/>
<Label uid="L19" x="250" y="58"/>
<Label uid="L16" x="250" y="690"/>
<Button uid="L10" x="300" y="695">
<Property name="ButtonStrategy" type="String" value="PreviousPage"/>
</Button>
<Label uid="L15" x="707" y="660"/>
<Button uid="L9" x="830" y="695">
<Property name="ButtonStrategy" type="String" value="NextPage"/>
</Button>
<Label uid="L1" x="12" y="1"/>
<Label uid="L6" x="12" y="186"/>
<Label uid="L3" x="0" y="371"/>
<Label uid="L4" x="12" y="579"/>
<Label uid="L62" x="341" y="361"/>
<ToggleButtonGroup>
<Property name="ToggleButtonGroupStrategy" type="String" value="Race"/>
<ToggleButton uid="B62" x="341" y="419"/>
</ToggleButtonGroup>
</Page>
<Page>
<Property name="BackgroundLabel" type="String" value="L20"/>
<Label uid="L20" x="0" y="0"/>
<Label uid="L65" x="250" y="0"/>
<Label uid="L19" x="250" y="58"/>
<Label uid="L16" x="250" y="690"/>
<Button uid="L10" x="300" y="695">
<Property name="ButtonStrategy" type="String" value="PreviousPage"/>
</Button>
<Label uid="L15" x="707" y="660"/>
<Button uid="L9" x="830" y="695">
<Property name="ButtonStrategy" type="String" value="NextPage"/>
</Button>
<Label uid="L1" x="12" y="1"/>
<Label uid="L6" x="12" y="186"/>
<Label uid="L3" x="0" y="371"/>
<Label uid="L4" x="12" y="579"/>
<Label uid="L64" x="336" y="326"/>
<ToggleButtonGroup>
<Property name="ToggleButtonGroupStrategy" type="String" value="Race"/>
<ToggleButton uid="B64" x="336" y="384"/>
<ToggleButton uid="B65" x="336" y="423"/>
</ToggleButtonGroup>
</Page>
<Page>
<Property name="BackgroundLabel" type="String" value="L20"/>
<Label uid="L20" x="0" y="0"/>
<Label uid="L67" x="250" y="0"/>
<Label uid="L19" x="250" y="58"/>
<Label uid="L16" x="250" y="690"/>
<Button uid="L10" x="300" y="695">
<Property name="ButtonStrategy" type="String" value="PreviousPage"/>
</Button>
<Label uid="L15" x="707" y="660"/>
<Button uid="L9" x="830" y="695">
<Property name="ButtonStrategy" type="String" value="NextPage"/>
</Button>
<Label uid="L1" x="12" y="1"/>
<Label uid="L6" x="12" y="186"/>
<Label uid="L3" x="0" y="371"/>
<Label uid="L4" x="12" y="579"/>
<Label uid="L66" x="336" y="346"/>
<ToggleButtonGroup>
<Property name="ToggleButtonGroupStrategy" type="String" value="Race"/>
<ToggleButton uid="B67" x="336" y="404"/>
</ToggleButtonGroup>
</Page>
<Page>
<Property name="BackgroundLabel" type="String" value="L20"/>
<Label uid="L20" x="0" y="0"/>
<Label uid="L69" x="250" y="0"/>
<Label uid="L19" x="250" y="58"/>
<Label uid="L16" x="250" y="690"/>
<Button uid="L10" x="300" y="695">
<Property name="ButtonStrategy" type="String" value="PreviousPage"/>
</Button>
<Label uid="L15" x="707" y="660"/>
<Button uid="L9" x="830" y="695">
<Property name="ButtonStrategy" type="String" value="NextPage"/>
</Button>
<Label uid="L1" x="12" y="1"/>
<Label uid="L6" x="12" y="186"/>
<Label uid="L3" x="0" y="371"/>
<Label uid="L4" x="12" y="579"/>
<Label uid="L68" x="336" y="307"/>
<ToggleButtonGroup>
<Property name="ToggleButtonGroupStrategy" type="String" value="Race"/>
<ToggleButton uid="B69" x="336" y="365"/>
<ToggleButton uid="B70" x="336" y="404"/>
<ToggleButton uid="B71" x="336" y="443"/>
</ToggleButtonGroup>
</Page>
<Page>
<Property name="BackgroundLabel" type="String" value="L20"/>
<Label uid="L20" x="0" y="0"/>
<Label uid="L71" x="250" y="0"/>
<Label uid="L19" x="250" y="58"/>
<Label uid="L16" x="250" y="690"/>
<Button uid="L10" x="300" y="695">
<Property name="ButtonStrategy" type="String" value="PreviousPage"/>
</Button>
<Label uid="L72" x="613" y="690"/>
<Button uid="L9" x="830" y="695">
<Property name="ButtonStrategy" type="String" value="NextPage"/>
</Button>
<Label uid="L1" x="12" y="1"/>
<Label uid="L6" x="12" y="186"/>
<Label uid="L3" x="0" y="371"/>
<Label uid="L4" x="12" y="579"/>
<Label uid="L70" x="341" y="361"/>
<ToggleButtonGroup>
<Property name="ToggleButtonGroupStrategy" type="String" value="Race"/>
<ToggleButton uid="B73" x="341" y="419"/>
</ToggleButtonGroup>
</Page>
<Page>
<Property name="BackgroundLabel" type="String" value="L20"/>
<Label uid="L20" x="0" y="0"/>
<Label uid="L165" x="250" y="0"/>
<Label uid="L178" x="250" y="58"/>
<Label uid="L166" x="250" y="690"/>
<Button uid="L10" x="300" y="695">
<Property name="ButtonStrategy" type="String" value="PreviousPage"/>
</Button>
<Label uid="L167" x="917" y="690"/>
<Button uid="L9" x="830" y="695">
<Property name="ButtonStrategy" type="String" value="NextPage"/>
</Button>
<Label uid="L1" x="12" y="1"/>
<Label uid="L2" x="12" y="186"/>
<Label uid="L7" x="0" y="371"/>
<Label uid="L4" x="12" y="579"/>
<Button uid="L168" x="376" y="264">
<Property name="ButtonStrategy" type="String" value="GoToPage"/>
<Property name="PageNumber" type="Integer" value="29"/>
</Button>
<Button uid="B1" x="576" y="264">
<Property name="ButtonStrategy" type="String" value="GoToPage"/>
<Property name="PageNumber" type="Integer" value="29"/>
</Button>
<Button uid="L169" x="376" y="293">
<Property name="ButtonStrategy" type="String" value="GoToPage"/>
<Property name="PageNumber" type="Integer" value="30"/>
</Button>
<Button uid="B5" x="576" y="293">
<Property name="ButtonStrategy" type="String" value="GoToPage"/>
<Property name="PageNumber" type="Integer" value="30"/>
</Button>
<Button uid="L170" x="376" y="322">
<Property name="ButtonStrategy" type="String" value="GoToPage"/>
<Property name="PageNumber" type="Integer" value="31"/>
</Button>
<Button uid="B10" x="576" y="322">
<Property name="ButtonStrategy" type="String" value="GoToPage"/>
<Property name="PageNumber" type="Integer" value="31"/>
</Button>
<Button uid="L171" x="376" y="351">
<Property name="ButtonStrategy" type="String" value="GoToPage"/>
<Property name="PageNumber" type="Integer" value="32"/>
</Button>
<Button uid="B15" x="576" y="351">
<Property name="ButtonStrategy" type="String" value="GoToPage"/>
<Property name="PageNumber" type="Integer" value="32"/>
</Button>
<Button uid="L172" x="376" y="380">
<Property name="ButtonStrategy" type="String" value="GoToPage"/>
<Property name="PageNumber" type="Integer" value="33"/>
</Button>
<Button uid="B17" x="576" y="380">
<Property name="ButtonStrategy" type="String" value="GoToPage"/>
<Property name="PageNumber" type="Integer" value="33"/>
</Button>
<Button uid="L173" x="376" y="409">
<Property name="ButtonStrategy" type="String" value="GoToPage"/>
<Property name="PageNumber" type="Integer" value="34"/>
</Button>
<Button uid="B21" x="576" y="409">
<Property name="ButtonStrategy" type="String" value="GoToPage"/>
<Property name="PageNumber" type="Integer" value="34"/>
</Button>
<Button uid="L174" x="376" y="438">
<Property name="ButtonStrategy" type="String" value="GoToPage"/>
<Property name="PageNumber" type="Integer" value="35"/>
</Button>
<Button uid="B24" x="576" y="438">
<Property name="ButtonStrategy" type="String" value="GoToPage"/>
<Property name="PageNumber" type="Integer" value="35"/>
</Button>
<Button uid="L175" x="376" y="467">
<Property name="ButtonStrategy" type="String" value="GoToPage"/>
<Property name="PageNumber" type="Integer" value="36"/>
</Button>
<Button uid="B27" x="576" y="467">
<Property name="ButtonStrategy" type="String" value="GoToPage"/>
<Property name="PageNumber" type="Integer" value="36"/>
</Button>
<Button uid="L176" x="376" y="496">
<Property name="ButtonStrategy" type="String" value="GoToPage"/>
<Property name="PageNumber" type="Integer" value="37"/>
</Button>
<Button uid="B30" x="576" y="496">
<Property name="ButtonStrategy" type="String" value="GoToPage"/>
<Property name="PageNumber" type="Integer" value="37"/>
</Button>
<Button uid="L177" x="376" y="525">
<Property name="ButtonStrategy" type="String" value="GoToPage"/>
<Property name="PageNumber" type="Integer" value="38"/>
</Button>
<Button uid="B35" x="576" y="525">
<Property name="ButtonStrategy" type="String" value="GoToPage"/>
<Property name="PageNumber" type="Integer" value="38"/>
</Button>
<Property name="IsReviewPage" type="String" value="yes"/>
</Page>
<Page>
<Property name="BackgroundLabel" type="String" value="L20"/>
<Label uid="L20" x="0" y="0"/>
<Label uid="L179" x="250" y="0"/>
<Label uid="L192" x="250" y="58"/>
<Label uid="L180" x="250" y="660"/>
<Button uid="L10" x="300" y="695">
<Property name="ButtonStrategy" type="String" value="PreviousPage"/>
</Button>
<Label uid="L181" x="907" y="660"/>
<Button uid="L9" x="830" y="695">
<Property name="ButtonStrategy" type="String" value="NextPage"/>
</Button>
<Label uid="L1" x="12" y="1"/>
<Label uid="L2" x="12" y="186"/>
<Label uid="L7" x="0" y="371"/>
<Label uid="L4" x="12" y="579"/>
<Button uid="L182" x="371" y="249">
<Property name="ButtonStrategy" type="String" value="GoToPage"/>
<Property name="PageNumber" type="Integer" value="39"/>
</Button>
<Button uid="B38" x="571" y="249">
<Property name="ButtonStrategy" type="String" value="GoToPage"/>
<Property name="PageNumber" type="Integer" value="39"/>
</Button>
<Button uid="L183" x="371" y="278">
<Property name="ButtonStrategy" type="String" value="GoToPage"/>
<Property name="PageNumber" type="Integer" value="40"/>
</Button>
<Button uid="B41" x="571" y="278">
<Property name="ButtonStrategy" type="String" value="GoToPage"/>
<Property name="PageNumber" type="Integer" value="40"/>
</Button>
<Button uid="L184" x="371" y="307">
<Property name="ButtonStrategy" type="String" value="GoToPage"/>
<Property name="PageNumber" type="Integer" value="41"/>
</Button>
<Button uid="B44" x="571" y="307">
<Property name="ButtonStrategy" type="String" value="GoToPage"/>
<Property name="PageNumber" type="Integer" value="41"/>
</Button>
<Button uid="L185" x="371" y="336">
<Property name="ButtonStrategy" type="String" value="GoToPage"/>
<Property name="PageNumber" type="Integer" value="42"/>
</Button>
<Button uid="B47" x="571" y="336">
<Property name="ButtonStrategy" type="String" value="GoToPage"/>
<Property name="PageNumber" type="Integer" value="42"/>
</Button>
<Button uid="L186" x="371" y="365">
<Property name="ButtonStrategy" type="String" value="GoToPage"/>
<Property name="PageNumber" type="Integer" value="43"/>
</Button>
<Button uid="B49" x="571" y="365">
<Property name="ButtonStrategy" type="String" value="GoToPage"/>
<Property name="PageNumber" type="Integer" value="43"/>
</Button>
<Button uid="L187" x="371" y="394">
<Property name="ButtonStrategy" type="String" value="GoToPage"/>
<Property name="PageNumber" type="Integer" value="44"/>
</Button>
<Button uid="B52" x="571" y="394">
<Property name="ButtonStrategy" type="String" value="GoToPage"/>
<Property name="PageNumber" type="Integer" value="44"/>
</Button>
<Button uid="L188" x="371" y="423">
<Property name="ButtonStrategy" type="String" value="GoToPage"/>
<Property name="PageNumber" type="Integer" value="45"/>
</Button>
<Button uid="B55" x="571" y="423">
<Property name="ButtonStrategy" type="String" value="GoToPage"/>
<Property name="PageNumber" type="Integer" value="45"/>
</Button>
<Button uid="L189" x="371" y="452">
<Property name="ButtonStrategy" type="String" value="GoToPage"/>
<Property name="PageNumber" type="Integer" value="46"/>
</Button>
<Button uid="B58" x="571" y="452">
<Property name="ButtonStrategy" type="String" value="GoToPage"/>
<Property name="PageNumber" type="Integer" value="46"/>
</Button>
<Button uid="L190" x="371" y="481">
<Property name="ButtonStrategy" type="String" value="GoToPage"/>
<Property name="PageNumber" type="Integer" value="47"/>
</Button>
<Button uid="B61" x="571" y="481">
<Property name="ButtonStrategy" type="String" value="GoToPage"/>
<Property name="PageNumber" type="Integer" value="47"/>
</Button>
<Button uid="L191" x="371" y="510">
<Property name="ButtonStrategy" type="String" value="GoToPage"/>
<Property name="PageNumber" type="Integer" value="48"/>
</Button>
<Button uid="B63" x="571" y="510">
<Property name="ButtonStrategy" type="String" value="GoToPage"/>
<Property name="PageNumber" type="Integer" value="48"/>
</Button>
<Property name="IsReviewPage" type="String" value="yes"/>
</Page>
<Page>
<Property name="BackgroundLabel" type="String" value="L20"/>
<Label uid="L20" x="0" y="0"/>
<Label uid="L193" x="250" y="0"/>
<Label uid="L199" x="250" y="58"/>
<Label uid="L194" x="250" y="660"/>
<Button uid="L10" x="300" y="695">
<Property name="ButtonStrategy" type="String" value="PreviousPage"/>
</Button>
<Label uid="L195" x="907" y="660"/>
<Button uid="L9" x="830" y="695">
<Property name="ButtonStrategy" type="String" value="NextPage"/>
</Button>
<Label uid="L1" x="12" y="1"/>
<Label uid="L2" x="12" y="186"/>
<Label uid="L7" x="0" y="371"/>
<Label uid="L4" x="12" y="579"/>
<Button uid="L196" x="371" y="351">
<Property name="ButtonStrategy" type="String" value="GoToPage"/>
<Property name="PageNumber" type="Integer" value="49"/>
</Button>
<Button uid="B66" x="571" y="351">
<Property name="ButtonStrategy" type="String" value="GoToPage"/>
<Property name="PageNumber" type="Integer" value="49"/>
</Button>
<Button uid="L197" x="371" y="380">
<Property name="ButtonStrategy" type="String" value="GoToPage"/>
<Property name="PageNumber" type="Integer" value="50"/>
</Button>
<Button uid="B68" x="571" y="380">
<Property name="ButtonStrategy" type="String" value="GoToPage"/>
<Property name="PageNumber" type="Integer" value="50"/>
</Button>
<Button uid="L198" x="371" y="409">
<Property name="ButtonStrategy" type="String" value="GoToPage"/>
<Property name="PageNumber" type="Integer" value="51"/>
</Button>
<Button uid="B72" x="571" y="409">
<Property name="ButtonStrategy" type="String" value="GoToPage"/>
<Property name="PageNumber" type="Integer" value="51"/>
</Button>
<Property name="IsReviewPage" type="String" value="yes"/>
</Page>
<Page>
<Property name="BackgroundLabel" type="String" value="L20"/>
<Label uid="L20" x="0" y="0"/>
<Label uid="L200" x="250" y="0"/>
<Label uid="L201" x="250" y="660"/>
<Button uid="L10" x="300" y="695">
<Property name="ButtonStrategy" type="String" value="PreviousPage"/>
</Button>
<Label uid="L202" x="906" y="660"/>
<Button uid="L13" x="829" y="695">
<Property name="ButtonStrategy" type="String" value="CommitBallot"/>
</Button>
<Label uid="L1" x="12" y="1"/>
<Label uid="L2" x="12" y="186"/>
<Label uid="L3" x="0" y="371"/>
<Label uid="L8" x="12" y="556"/>
<Label uid="L203" x="317" y="296"/>
</Page>
<Page>
<Property name="BackgroundLabel" type="String" value="L21"/>
<Label uid="L21" x="0" y="0"/>
<Label uid="L204" x="111" y="0"/>
<Label uid="L205" x="272" y="58"/>
<Button uid="L14" x="416" y="374">
<Property name="ButtonStrategy" type="String" value="Challenge"/>
</Button>
<Button uid="L12" x="434" y="463">
<Property name="ButtonStrategy" type="String" value="CastBallot"/>
</Button>
</Page>
<Page>
<Property name="BackgroundLabel" type="String" value="L21"/>
<Label uid="L21" x="0" y="0"/>
<Label uid="L206" x="116" y="0"/>
<Label uid="L207" x="200" y="400"/>
</Page>
<Page>
<Property name="BackgroundLabel" type="String" value="L20"/>
<Label uid="L20" x="0" y="0"/>
<Label uid="L74" x="250" y="0"/>
<Label uid="L19" x="250" y="58"/>
<Label uid="L17" x="450" y="660"/>
<Button uid="L75" x="593" y="725">
<Property name="ButtonStrategy" type="String" value="GoToPageRequireSelection"/>
<Property name="PageNumber" type="Integer" value="24"/>
<Property name="NoSelectionPageNumber" type="Integer" value="24"/>
<Property name="ParentCard" type="String" value="B1"/>
</Button>
<Label uid="L17" x="450" y="660"/>
<Button uid="L76" x="593" y="725">
<Property name="ButtonStrategy" type="String" value="GoToPage"/>
<Property name="PageNumber" type="Integer" value="24"/>
</Button>
<Label uid="L1" x="12" y="1"/>
<Label uid="L6" x="12" y="186"/>
<Label uid="L3" x="0" y="371"/>
<Label uid="L4" x="12" y="579"/>
<Label uid="L73" x="341" y="322"/>
<ToggleButtonGroup>
<Property name="ToggleButtonGroupStrategy" type="String" value="Race"/>
<ToggleButton uid="B2" x="341" y="380"/>
<ToggleButton uid="B3" x="341" y="419"/>
<ToggleButton uid="B4" x="341" y="458"/>
</ToggleButtonGroup>
</Page>
<Page>
<Property name="BackgroundLabel" type="String" value="L20"/>
<Label uid="L20" x="0" y="0"/>
<Label uid="L78" x="250" y="0"/>
<Label uid="L19" x="250" y="58"/>
<Label uid="L17" x="450" y="660"/>
<Button uid="L79" x="593" y="725">
<Property name="ButtonStrategy" type="String" value="GoToPageRequireSelection"/>
<Property name="PageNumber" type="Integer" value="24"/>
<Property name="NoSelectionPageNumber" type="Integer" value="24"/>
<Property name="ParentCard" type="String" value="B5"/>
</Button>
<Label uid="L17" x="450" y="660"/>
<Button uid="L80" x="593" y="725">
<Property name="ButtonStrategy" type="String" value="GoToPage"/>
<Property name="PageNumber" type="Integer" value="24"/>
</Button>
<Label uid="L1" x="12" y="1"/>
<Label uid="L6" x="12" y="186"/>
<Label uid="L3" x="0" y="371"/>
<Label uid="L4" x="12" y="579"/>
<Label uid="L77" x="341" y="302"/>
<ToggleButtonGroup>
<Property name="ToggleButtonGroupStrategy" type="String" value="Race"/>
<ToggleButton uid="B6" x="341" y="360"/>
<ToggleButton uid="B7" x="341" y="399"/>
<ToggleButton uid="B8" x="341" y="438"/>
<ToggleButton uid="B9" x="341" y="477"/>
</ToggleButtonGroup>
</Page>
<Page>
<Property name="BackgroundLabel" type="String" value="L20"/>
<Label uid="L20" x="0" y="0"/>
<Label uid="L82" x="250" y="0"/>
<Label uid="L19" x="250" y="58"/>
<Label uid="L17" x="450" y="660"/>
<Button uid="L83" x="593" y="725">
<Property name="ButtonStrategy" type="String" value="GoToPageRequireSelection"/>
<Property name="PageNumber" type="Integer" value="24"/>
<Property name="NoSelectionPageNumber" type="Integer" value="24"/>
<Property name="ParentCard" type="String" value="B10"/>
</Button>
<Label uid="L17" x="450" y="660"/>
<Button uid="L84" x="593" y="725">
<Property name="ButtonStrategy" type="String" value="GoToPage"/>
<Property name="PageNumber" type="Integer" value="24"/>
</Button>
<Label uid="L1" x="12" y="1"/>
<Label uid="L6" x="12" y="186"/>
<Label uid="L3" x="0" y="371"/>
<Label uid="L4" x="12" y="579"/>
<Label uid="L81" x="341" y="302"/>
<ToggleButtonGroup>
<Property name="ToggleButtonGroupStrategy" type="String" value="Race"/>
<ToggleButton uid="B11" x="341" y="360"/>
<ToggleButton uid="B12" x="341" y="399"/>
<ToggleButton uid="B13" x="341" y="438"/>
<ToggleButton uid="B14" x="341" y="477"/>
</ToggleButtonGroup>
</Page>
<Page>
<Property name="BackgroundLabel" type="String" value="L20"/>
<Label uid="L20" x="0" y="0"/>
<Label uid="L86" x="250" y="0"/>
<Label uid="L19" x="250" y="58"/>
<Label uid="L17" x="450" y="660"/>
<Button uid="L87" x="588" y="695">
<Property name="ButtonStrategy" type="String" value="GoToPageRequireSelection"/>
<Property name="PageNumber" type="Integer" value="24"/>
<Property name="NoSelectionPageNumber" type="Integer" value="24"/>
<Property name="ParentCard" type="String" value="B15"/>
</Button>
<Label uid="L17" x="450" y="660"/>
<Button uid="L88" x="588" y="695">
<Property name="ButtonStrategy" type="String" value="GoToPage"/>
<Property name="PageNumber" type="Integer" value="24"/>
</Button>
<Label uid="L1" x="12" y="1"/>
<Label uid="L6" x="12" y="186"/>
<Label uid="L3" x="0" y="371"/>
<Label uid="L4" x="12" y="579"/>
<Label uid="L85" x="336" y="346"/>
<ToggleButtonGroup>
<Property name="ToggleButtonGroupStrategy" type="String" value="Race"/>
<ToggleButton uid="B16" x="336" y="404"/>
</ToggleButtonGroup>
</Page>
<Page>
<Property name="BackgroundLabel" type="String" value="L20"/>
<Label uid="L20" x="0" y="0"/>
<Label uid="L90" x="250" y="0"/>
<Label uid="L19" x="250" y="58"/>
<Label uid="L17" x="450" y="660"/>
<Button uid="L91" x="588" y="695">
<Property name="ButtonStrategy" type="String" value="GoToPageRequireSelection"/>
<Property name="PageNumber" type="Integer" value="24"/>
<Property name="NoSelectionPageNumber" type="Integer" value="24"/>
<Property name="ParentCard" type="String" value="B17"/>
</Button>
<Label uid="L17" x="450" y="660"/>
<Button uid="L92" x="588" y="695">
<Property name="ButtonStrategy" type="String" value="GoToPage"/>
<Property name="PageNumber" type="Integer" value="24"/>
</Button>
<Label uid="L1" x="12" y="1"/>
<Label uid="L6" x="12" y="186"/>
<Label uid="L3" x="0" y="371"/>
<Label uid="L4" x="12" y="579"/>
<Label uid="L89" x="336" y="307"/>
<ToggleButtonGroup>
<Property name="ToggleButtonGroupStrategy" type="String" value="Race"/>
<ToggleButton uid="B18" x="336" y="365"/>
<ToggleButton uid="B19" x="336" y="404"/>
<ToggleButton uid="B20" x="336" y="443"/>
</ToggleButtonGroup>
</Page>
<Page>
<Property name="BackgroundLabel" type="String" value="L20"/>
<Label uid="L20" x="0" y="0"/>
<Label uid="L94" x="250" y="0"/>
<Label uid="L19" x="250" y="58"/>
<Label uid="L17" x="450" y="660"/>
<Button uid="L95" x="593" y="725">
<Property name="ButtonStrategy" type="String" value="GoToPageRequireSelection"/>
<Property name="PageNumber" type="Integer" value="24"/>
<Property name="NoSelectionPageNumber" type="Integer" value="24"/>
<Property name="ParentCard" type="String" value="B21"/>
</Button>
<Label uid="L17" x="450" y="660"/>
<Button uid="L96" x="593" y="725">
<Property name="ButtonStrategy" type="String" value="GoToPage"/>
<Property name="PageNumber" type="Integer" value="24"/>
</Button>
<Label uid="L1" x="12" y="1"/>
<Label uid="L6" x="12" y="186"/>
<Label uid="L3" x="0" y="371"/>
<Label uid="L4" x="12" y="579"/>
<Label uid="L93" x="341" y="341"/>
<ToggleButtonGroup>
<Property name="ToggleButtonGroupStrategy" type="String" value="Race"/>
<ToggleButton uid="B22" x="341" y="399"/>
<ToggleButton uid="B23" x="341" y="438"/>
</ToggleButtonGroup>
</Page>
<Page>
<Property name="BackgroundLabel" type="String" value="L20"/>
<Label uid="L20" x="0" y="0"/>
<Label uid="L98" x="250" y="0"/>
<Label uid="L19" x="250" y="58"/>
<Label uid="L17" x="450" y="660"/>
<Button uid="L99" x="588" y="695">
<Property name="ButtonStrategy" type="String" value="GoToPageRequireSelection"/>
<Property name="PageNumber" type="Integer" value="24"/>
<Property name="NoSelectionPageNumber" type="Integer" value="24"/>
<Property name="ParentCard" type="String" value="B24"/>
</Button>
<Label uid="L17" x="450" y="660"/>
<Button uid="L100" x="588" y="695">
<Property name="ButtonStrategy" type="String" value="GoToPage"/>
<Property name="PageNumber" type="Integer" value="24"/>
</Button>
<Label uid="L1" x="12" y="1"/>
<Label uid="L6" x="12" y="186"/>
<Label uid="L3" x="0" y="371"/>
<Label uid="L4" x="12" y="579"/>
<Label uid="L97" x="336" y="326"/>
<ToggleButtonGroup>
<Property name="ToggleButtonGroupStrategy" type="String" value="Race"/>
<ToggleButton uid="B25" x="336" y="384"/>
<ToggleButton uid="B26" x="336" y="423"/>
</ToggleButtonGroup>
</Page>
<Page>
<Property name="BackgroundLabel" type="String" value="L20"/>
<Label uid="L20" x="0" y="0"/>
<Label uid="L102" x="250" y="0"/>
<Label uid="L19" x="250" y="58"/>
<Label uid="L17" x="450" y="660"/>
<Button uid="L103" x="593" y="725">
<Property name="ButtonStrategy" type="String" value="GoToPageRequireSelection"/>
<Property name="PageNumber" type="Integer" value="24"/>
<Property name="NoSelectionPageNumber" type="Integer" value="24"/>
<Property name="ParentCard" type="String" value="B27"/>
</Button>
<Label uid="L17" x="450" y="660"/>
<Button uid="L104" x="593" y="725">
<Property name="ButtonStrategy" type="String" value="GoToPage"/>
<Property name="PageNumber" type="Integer" value="24"/>
</Button>
<Label uid="L1" x="12" y="1"/>
<Label uid="L6" x="12" y="186"/>
<Label uid="L3" x="0" y="371"/>
<Label uid="L4" x="12" y="579"/>
<Label uid="L101" x="341" y="341"/>
<ToggleButtonGroup>
<Property name="ToggleButtonGroupStrategy" type="String" value="Race"/>
<ToggleButton uid="B28" x="341" y="399"/>
<ToggleButton uid="B29" x="341" y="438"/>
</ToggleButtonGroup>
</Page>
<Page>
<Property name="BackgroundLabel" type="String" value="L20"/>
<Label uid="L20" x="0" y="0"/>
<Label uid="L106" x="250" y="0"/>
<Label uid="L19" x="250" y="58"/>
<Label uid="L17" x="450" y="660"/>
<Button uid="L107" x="593" y="725">
<Property name="ButtonStrategy" type="String" value="GoToPageRequireSelection"/>
<Property name="PageNumber" type="Integer" value="24"/>
<Property name="NoSelectionPageNumber" type="Integer" value="24"/>
<Property name="ParentCard" type="String" value="B30"/>
</Button>
<Label uid="L17" x="450" y="660"/>
<Button uid="L108" x="593" y="725">
<Property name="ButtonStrategy" type="String" value="GoToPage"/>
<Property name="PageNumber" type="Integer" value="24"/>
</Button>
<Label uid="L1" x="12" y="1"/>
<Label uid="L6" x="12" y="186"/>
<Label uid="L3" x="0" y="371"/>
<Label uid="L4" x="12" y="579"/>
<Label uid="L105" x="341" y="302"/>
<ToggleButtonGroup>
<Property name="ToggleButtonGroupStrategy" type="String" value="Race"/>
<ToggleButton uid="B31" x="341" y="360"/>
<ToggleButton uid="B32" x="341" y="399"/>
<ToggleButton uid="B33" x="341" y="438"/>
<ToggleButton uid="B34" x="341" y="477"/>
</ToggleButtonGroup>
</Page>
<Page>
<Property name="BackgroundLabel" type="String" value="L20"/>
<Label uid="L20" x="0" y="0"/>
<Label uid="L110" x="250" y="0"/>
<Label uid="L19" x="250" y="58"/>
<Label uid="L17" x="450" y="660"/>
<Button uid="L111" x="593" y="725">
<Property name="ButtonStrategy" type="String" value="GoToPageRequireSelection"/>
<Property name="PageNumber" type="Integer" value="24"/>
<Property name="NoSelectionPageNumber" type="Integer" value="24"/>
<Property name="ParentCard" type="String" value="B35"/>
</Button>
<Label uid="L17" x="450" y="660"/>
<Button uid="L112" x="593" y="725">
<Property name="ButtonStrategy" type="String" value="GoToPage"/>
<Property name="PageNumber" type="Integer" value="24"/>
</Button>
<Label uid="L1" x="12" y="1"/>
<Label uid="L6" x="12" y="186"/>
<Label uid="L3" x="0" y="371"/>
<Label uid="L4" x="12" y="579"/>
<Label uid="L109" x="341" y="341"/>
<ToggleButtonGroup>
<Property name="ToggleButtonGroupStrategy" type="String" value="Race"/>
<ToggleButton uid="B36" x="341" y="399"/>
<ToggleButton uid="B37" x="341" y="438"/>
</ToggleButtonGroup>
</Page>
<Page>
<Property name="BackgroundLabel" type="String" value="L20"/>
<Label uid="L20" x="0" y="0"/>
<Label uid="L114" x="250" y="0"/>
<Label uid="L19" x="250" y="58"/>
<Label uid="L17" x="450" y="660"/>
<Button uid="L115" x="593" y="725">
<Property name="ButtonStrategy" type="String" value="GoToPageRequireSelection"/>
<Property name="PageNumber" type="Integer" value="25"/>
<Property name="NoSelectionPageNumber" type="Integer" value="25"/>
<Property name="ParentCard" type="String" value="B38"/>
</Button>
<Label uid="L17" x="450" y="660"/>
<Button uid="L116" x="593" y="725">
<Property name="ButtonStrategy" type="String" value="GoToPage"/>
<Property name="PageNumber" type="Integer" value="25"/>
</Button>
<Label uid="L1" x="12" y="1"/>
<Label uid="L6" x="12" y="186"/>
<Label uid="L3" x="0" y="371"/>
<Label uid="L4" x="12" y="579"/>
<Label uid="L113" x="341" y="341"/>
<ToggleButtonGroup>
<Property name="ToggleButtonGroupStrategy" type="String" value="Race"/>
<ToggleButton uid="B39" x="341" y="399"/>
<ToggleButton uid="B40" x="341" y="438"/>
</ToggleButtonGroup>
</Page>
<Page>
<Property name="BackgroundLabel" type="String" value="L20"/>
<Label uid="L20" x="0" y="0"/>
<Label uid="L118" x="250" y="0"/>
<Label uid="L19" x="250" y="58"/>
<Label uid="L17" x="450" y="660"/>
<Button uid="L119" x="593" y="725">
<Property name="ButtonStrategy" type="String" value="GoToPageRequireSelection"/>
<Property name="PageNumber" type="Integer" value="25"/>
<Property name="NoSelectionPageNumber" type="Integer" value="25"/>
<Property name="ParentCard" type="String" value="B41"/>
</Button>
<Label uid="L17" x="450" y="660"/>
<Button uid="L120" x="593" y="725">
<Property name="ButtonStrategy" type="String" value="GoToPage"/>
<Property name="PageNumber" type="Integer" value="25"/>
</Button>
<Label uid="L1" x="12" y="1"/>
<Label uid="L6" x="12" y="186"/>
<Label uid="L3" x="0" y="371"/>
<Label uid="L4" x="12" y="579"/>
<Label uid="L117" x="341" y="341"/>
<ToggleButtonGroup>
<Property name="ToggleButtonGroupStrategy" type="String" value="Race"/>
<ToggleButton uid="B42" x="341" y="399"/>
<ToggleButton uid="B43" x="341" y="438"/>
</ToggleButtonGroup>
</Page>
<Page>
<Property name="BackgroundLabel" type="String" value="L20"/>
<Label uid="L20" x="0" y="0"/>
<Label uid="L122" x="250" y="0"/>
<Label uid="L19" x="250" y="58"/>
<Label uid="L17" x="450" y="660"/>
<Button uid="L123" x="588" y="695">
<Property name="ButtonStrategy" type="String" value="GoToPageRequireSelection"/>
<Property name="PageNumber" type="Integer" value="25"/>
<Property name="NoSelectionPageNumber" type="Integer" value="25"/>
<Property name="ParentCard" type="String" value="B44"/>
</Button>
<Label uid="L17" x="450" y="660"/>
<Button uid="L124" x="588" y="695">
<Property name="ButtonStrategy" type="String" value="GoToPage"/>
<Property name="PageNumber" type="Integer" value="25"/>
</Button>
<Label uid="L1" x="12" y="1"/>
<Label uid="L6" x="12" y="186"/>
<Label uid="L3" x="0" y="371"/>
<Label uid="L4" x="12" y="579"/>
<Label uid="L121" x="336" y="326"/>
<ToggleButtonGroup>
<Property name="ToggleButtonGroupStrategy" type="String" value="Race"/>
<ToggleButton uid="B45" x="336" y="384"/>
<ToggleButton uid="B46" x="336" y="423"/>
</ToggleButtonGroup>
</Page>
<Page>
<Property name="BackgroundLabel" type="String" value="L20"/>
<Label uid="L20" x="0" y="0"/>
<Label uid="L126" x="250" y="0"/>
<Label uid="L19" x="250" y="58"/>
<Label uid="L17" x="450" y="660"/>
<Button uid="L127" x="593" y="725">
<Property name="ButtonStrategy" type="String" value="GoToPageRequireSelection"/>
<Property name="PageNumber" type="Integer" value="25"/>
<Property name="NoSelectionPageNumber" type="Integer" value="25"/>
<Property name="ParentCard" type="String" value="B47"/>
</Button>
<Label uid="L17" x="450" y="660"/>
<Button uid="L128" x="593" y="725">
<Property name="ButtonStrategy" type="String" value="GoToPage"/>
<Property name="PageNumber" type="Integer" value="25"/>
</Button>
<Label uid="L1" x="12" y="1"/>
<Label uid="L6" x="12" y="186"/>
<Label uid="L3" x="0" y="371"/>
<Label uid="L4" x="12" y="579"/>
<Label uid="L125" x="341" y="361"/>
<ToggleButtonGroup>
<Property name="ToggleButtonGroupStrategy" type="String" value="Race"/>
<ToggleButton uid="B48" x="341" y="419"/>
</ToggleButtonGroup>
</Page>
<Page>
<Property name="BackgroundLabel" type="String" value="L20"/>
<Label uid="L20" x="0" y="0"/>
<Label uid="L130" x="250" y="0"/>
<Label uid="L19" x="250" y="58"/>
<Label uid="L17" x="450" y="660"/>
<Button uid="L131" x="593" y="725">
<Property name="ButtonStrategy" type="String" value="GoToPageRequireSelection"/>
<Property name="PageNumber" type="Integer" value="25"/>
<Property name="NoSelectionPageNumber" type="Integer" value="25"/>
<Property name="ParentCard" type="String" value="B49"/>
</Button>
<Label uid="L17" x="450" y="660"/>
<Button uid="L132" x="593" y="725">
<Property name="ButtonStrategy" type="String" value="GoToPage"/>
<Property name="PageNumber" type="Integer" value="25"/>
</Button>
<Label uid="L1" x="12" y="1"/>
<Label uid="L6" x="12" y="186"/>
<Label uid="L3" x="0" y="371"/>
<Label uid="L4" x="12" y="579"/>
<Label uid="L129" x="341" y="341"/>
<ToggleButtonGroup>
<Property name="ToggleButtonGroupStrategy" type="String" value="Race"/>
<ToggleButton uid="B50" x="341" y="399"/>
<ToggleButton uid="B51" x="341" y="438"/>
</ToggleButtonGroup>
</Page>
<Page>
<Property name="BackgroundLabel" type="String" value="L20"/>
<Label uid="L20" x="0" y="0"/>
<Label uid="L134" x="250" y="0"/>
<Label uid="L19" x="250" y="58"/>
<Label uid="L17" x="450" y="660"/>
<Button uid="L135" x="593" y="725">
<Property name="ButtonStrategy" type="String" value="GoToPageRequireSelection"/>
<Property name="PageNumber" type="Integer" value="25"/>
<Property name="NoSelectionPageNumber" type="Integer" value="25"/>
<Property name="ParentCard" type="String" value="B52"/>
</Button>
<Label uid="L17" x="450" y="660"/>
<Button uid="L136" x="593" y="725">
<Property name="ButtonStrategy" type="String" value="GoToPage"/>
<Property name="PageNumber" type="Integer" value="25"/>
</Button>
<Label uid="L1" x="12" y="1"/>
<Label uid="L6" x="12" y="186"/>
<Label uid="L3" x="0" y="371"/>
<Label uid="L4" x="12" y="579"/>
<Label uid="L133" x="341" y="341"/>
<ToggleButtonGroup>
<Property name="ToggleButtonGroupStrategy" type="String" value="Race"/>
<ToggleButton uid="B53" x="341" y="399"/>
<ToggleButton uid="B54" x="341" y="438"/>
</ToggleButtonGroup>
</Page>
<Page>
<Property name="BackgroundLabel" type="String" value="L20"/>
<Label uid="L20" x="0" y="0"/>
<Label uid="L138" x="250" y="0"/>
<Label uid="L19" x="250" y="58"/>
<Label uid="L17" x="450" y="660"/>
<Button uid="L139" x="593" y="725">
<Property name="ButtonStrategy" type="String" value="GoToPageRequireSelection"/>
<Property name="PageNumber" type="Integer" value="25"/>
<Property name="NoSelectionPageNumber" type="Integer" value="25"/>
<Property name="ParentCard" type="String" value="B55"/>
</Button>
<Label uid="L17" x="450" y="660"/>
<Button uid="L140" x="593" y="725">
<Property name="ButtonStrategy" type="String" value="GoToPage"/>
<Property name="PageNumber" type="Integer" value="25"/>
</Button>
<Label uid="L1" x="12" y="1"/>
<Label uid="L6" x="12" y="186"/>
<Label uid="L3" x="0" y="371"/>
<Label uid="L4" x="12" y="579"/>
<Label uid="L137" x="341" y="341"/>
<ToggleButtonGroup>
<Property name="ToggleButtonGroupStrategy" type="String" value="Race"/>
<ToggleButton uid="B56" x="341" y="399"/>
<ToggleButton uid="B57" x="341" y="438"/>
</ToggleButtonGroup>
</Page>
<Page>
<Property name="BackgroundLabel" type="String" value="L20"/>
<Label uid="L20" x="0" y="0"/>
<Label uid="L142" x="250" y="0"/>
<Label uid="L19" x="250" y="58"/>
<Label uid="L17" x="450" y="660"/>
<Button uid="L143" x="593" y="725">
<Property name="ButtonStrategy" type="String" value="GoToPageRequireSelection"/>
<Property name="PageNumber" type="Integer" value="25"/>
<Property name="NoSelectionPageNumber" type="Integer" value="25"/>
<Property name="ParentCard" type="String" value="B58"/>
</Button>
<Label uid="L17" x="450" y="660"/>
<Button uid="L144" x="593" y="725">
<Property name="ButtonStrategy" type="String" value="GoToPage"/>
<Property name="PageNumber" type="Integer" value="25"/>
</Button>
<Label uid="L1" x="12" y="1"/>
<Label uid="L6" x="12" y="186"/>
<Label uid="L3" x="0" y="371"/>
<Label uid="L4" x="12" y="579"/>
<Label uid="L141" x="341" y="341"/>
<ToggleButtonGroup>
<Property name="ToggleButtonGroupStrategy" type="String" value="Race"/>
<ToggleButton uid="B59" x="341" y="399"/>
<ToggleButton uid="B60" x="341" y="438"/>
</ToggleButtonGroup>
</Page>
<Page>
<Property name="BackgroundLabel" type="String" value="L20"/>
<Label uid="L20" x="0" y="0"/>
<Label uid="L146" x="250" y="0"/>
<Label uid="L19" x="250" y="58"/>
<Label uid="L17" x="450" y="660"/>
<Button uid="L147" x="588" y="695">
<Property name="ButtonStrategy" type="String" value="GoToPageRequireSelection"/>
<Property name="PageNumber" type="Integer" value="25"/>
<Property name="NoSelectionPageNumber" type="Integer" value="25"/>
<Property name="ParentCard" type="String" value="B61"/>
</Button>
<Label uid="L17" x="450" y="660"/>
<Button uid="L148" x="588" y="695">
<Property name="ButtonStrategy" type="String" value="GoToPage"/>
<Property name="PageNumber" type="Integer" value="25"/>
</Button>
<Label uid="L1" x="12" y="1"/>
<Label uid="L6" x="12" y="186"/>
<Label uid="L3" x="0" y="371"/>
<Label uid="L4" x="12" y="579"/>
<Label uid="L145" x="336" y="346"/>
<ToggleButtonGroup>
<Property name="ToggleButtonGroupStrategy" type="String" value="Race"/>
<ToggleButton uid="B62" x="336" y="404"/>
</ToggleButtonGroup>
</Page>
<Page>
<Property name="BackgroundLabel" type="String" value="L20"/>
<Label uid="L20" x="0" y="0"/>
<Label uid="L150" x="250" y="0"/>
<Label uid="L19" x="250" y="58"/>
<Label uid="L17" x="450" y="660"/>
<Button uid="L151" x="588" y="695">
<Property name="ButtonStrategy" type="String" value="GoToPageRequireSelection"/>
<Property name="PageNumber" type="Integer" value="25"/>
<Property name="NoSelectionPageNumber" type="Integer" value="25"/>
<Property name="ParentCard" type="String" value="B63"/>
</Button>
<Label uid="L17" x="450" y="660"/>
<Button uid="L152" x="588" y="695">
<Property name="ButtonStrategy" type="String" value="GoToPage"/>
<Property name="PageNumber" type="Integer" value="25"/>
</Button>
<Label uid="L1" x="12" y="1"/>
<Label uid="L6" x="12" y="186"/>
<Label uid="L3" x="0" y="371"/>
<Label uid="L4" x="12" y="579"/>
<Label uid="L149" x="336" y="326"/>
<ToggleButtonGroup>
<Property name="ToggleButtonGroupStrategy" type="String" value="Race"/>
<ToggleButton uid="B64" x="336" y="384"/>
<ToggleButton uid="B65" x="336" y="423"/>
</ToggleButtonGroup>
</Page>
<Page>
<Property name="BackgroundLabel" type="String" value="L20"/>
<Label uid="L20" x="0" y="0"/>
<Label uid="L154" x="250" y="0"/>
<Label uid="L19" x="250" y="58"/>
<Label uid="L17" x="450" y="660"/>
<Button uid="L155" x="593" y="725">
<Property name="ButtonStrategy" type="String" value="GoToPageRequireSelection"/>
<Property name="PageNumber" type="Integer" value="26"/>
<Property name="NoSelectionPageNumber" type="Integer" value="26"/>
<Property name="ParentCard" type="String" value="B66"/>
</Button>
<Label uid="L17" x="450" y="660"/>
<Button uid="L156" x="593" y="725">
<Property name="ButtonStrategy" type="String" value="GoToPage"/>
<Property name="PageNumber" type="Integer" value="26"/>
</Button>
<Label uid="L1" x="12" y="1"/>
<Label uid="L6" x="12" y="186"/>
<Label uid="L3" x="0" y="371"/>
<Label uid="L4" x="12" y="579"/>
<Label uid="L153" x="341" y="361"/>
<ToggleButtonGroup>
<Property name="ToggleButtonGroupStrategy" type="String" value="Race"/>
<ToggleButton uid="B67" x="341" y="419"/>
</ToggleButtonGroup>
</Page>
<Page>
<Property name="BackgroundLabel" type="String" value="L20"/>
<Label uid="L20" x="0" y="0"/>
<Label uid="L158" x="250" y="0"/>
<Label uid="L19" x="250" y="58"/>
<Label uid="L17" x="450" y="660"/>
<Button uid="L159" x="588" y="695">
<Property name="ButtonStrategy" type="String" value="GoToPageRequireSelection"/>
<Property name="PageNumber" type="Integer" value="26"/>
<Property name="NoSelectionPageNumber" type="Integer" value="26"/>
<Property name="ParentCard" type="String" value="B68"/>
</Button>
<Label uid="L17" x="450" y="660"/>
<Button uid="L160" x="588" y="695">
<Property name="ButtonStrategy" type="String" value="GoToPage"/>
<Property name="PageNumber" type="Integer" value="26"/>
</Button>
<Label uid="L1" x="12" y="1"/>
<Label uid="L6" x="12" y="186"/>
<Label uid="L3" x="0" y="371"/>
<Label uid="L4" x="12" y="579"/>
<Label uid="L157" x="336" y="307"/>
<ToggleButtonGroup>
<Property name="ToggleButtonGroupStrategy" type="String" value="Race"/>
<ToggleButton uid="B69" x="336" y="365"/>
<ToggleButton uid="B70" x="336" y="404"/>
<ToggleButton uid="B71" x="336" y="443"/>
</ToggleButtonGroup>
</Page>
<Page>
<Property name="BackgroundLabel" type="String" value="L20"/>
<Label uid="L20" x="0" y="0"/>
<Label uid="L162" x="250" y="0"/>
<Label uid="L19" x="250" y="58"/>
<Label uid="L17" x="450" y="660"/>
<Button uid="L163" x="588" y="695">
<Property name="ButtonStrategy" type="String" value="GoToPageRequireSelection"/>
<Property name="PageNumber" type="Integer" value="26"/>
<Property name="NoSelectionPageNumber" type="Integer" value="26"/>
<Property name="ParentCard" type="String" value="B72"/>
</Button>
<Label uid="L17" x="450" y="660"/>
<Button uid="L164" x="588" y="695">
<Property name="ButtonStrategy" type="String" value="GoToPage"/>
<Property name="PageNumber" type="Integer" value="26"/>
</Button>
<Label uid="L1" x="12" y="1"/>
<Label uid="L6" x="12" y="186"/>
<Label uid="L3" x="0" y="371"/>
<Label uid="L4" x="12" y="579"/>
<Label uid="L161" x="336" y="346"/>
<ToggleButtonGroup>
<Property name="ToggleButtonGroupStrategy" type="String" value="Race"/>
<ToggleButton uid="B73" x="336" y="404"/>
</ToggleButtonGroup>
</Page>
<Page>
<Property name="BackgroundLabel" type="String" value="L21"/>
<Label uid="L21" x="0" y="0"/>
<Label uid="L208" x="111" y="0"/>
<Label uid="L209" x="172" y="58"/>
<Button uid="L210" x="362" y="374">
<Property name="ButtonStrategy" type="String" value="OverrideCancelConfirm"/>
</Button>
<Button uid="L211" x="362" y="463">
<Property name="ButtonStrategy" type="String" value="OverrideCancelDeny"/>
</Button>
</Page>
<Page>
<Property name="BackgroundLabel" type="String" value="L21"/>
<Label uid="L21" x="0" y="0"/>
<Label uid="L212" x="111" y="0"/>
<Label uid="L213" x="196" y="58"/>
<Button uid="L214" x="374" y="374">
<Property name="ButtonStrategy" type="String" value="OverrideCastConfirm"/>
</Button>
<Button uid="L215" x="362" y="463">
<Property name="ButtonStrategy" type="String" value="OverrideCastDeny"/>
</Button>
</Page>
<Page>
<Property name="BackgroundLabel" type="String" value="L21"/>
<Label uid="L21" x="0" y="0"/>
<Label uid="L216" x="111" y="0"/>
<Label uid="L217" x="109" y="385"/>
</Page>
<Page>
<Property name="BackgroundLabel" type="String" value="L21"/>
<Label uid="L21" x="0" y="0"/>
<Label uid="L218" x="116" y="0"/>
<Label uid="L220" x="316" y="690"/>
<Button uid="L221" x="469" y="725">
<Property name="ButtonStrategy" type="String" value="GoToPage"/>
<Property name="PageNumber" type="Integer" value="1"/>
</Button>
<Label uid="L219" x="49" y="356"/>
</Page>
<Page>
<Property name="BackgroundLabel" type="String" value="L21"/>
<Label uid="L21" x="0" y="0"/>
<Label uid="L222" x="111" y="0"/>
<Label uid="L224" x="311" y="660"/>
<Button uid="L225" x="464" y="695">
<Property name="ButtonStrategy" type="String" value="GoToPage"/>
<Property name="PageNumber" type="Integer" value="2"/>
</Button>
<Label uid="L223" x="44" y="341"/>
</Page>
<Page>
<Property name="BackgroundLabel" type="String" value="L21"/>
<Label uid="L21" x="0" y="0"/>
<Label uid="L226" x="116" y="0"/>
<Label uid="L228" x="316" y="690"/>
<Button uid="L229" x="469" y="725">
<Property name="ButtonStrategy" type="String" value="GoToPage"/>
<Property name="PageNumber" type="Integer" value="3"/>
</Button>
<Label uid="L227" x="49" y="356"/>
</Page>
<Page>
<Property name="BackgroundLabel" type="String" value="L21"/>
<Label uid="L21" x="0" y="0"/>
<Label uid="L230" x="111" y="0"/>
<Label uid="L232" x="311" y="660"/>
<Button uid="L233" x="464" y="695">
<Property name="ButtonStrategy" type="String" value="GoToPage"/>
<Property name="PageNumber" type="Integer" value="4"/>
</Button>
<Label uid="L231" x="44" y="341"/>
</Page>
<Page>
<Property name="BackgroundLabel" type="String" value="L21"/>
<Label uid="L21" x="0" y="0"/>
<Label uid="L234" x="116" y="0"/>
<Label uid="L236" x="316" y="690"/>
<Button uid="L237" x="469" y="725">
<Property name="ButtonStrategy" type="String" value="GoToPage"/>
<Property name="PageNumber" type="Integer" value="5"/>
</Button>
<Label uid="L235" x="49" y="356"/>
</Page>
<Page>
<Property name="BackgroundLabel" type="String" value="L21"/>
<Label uid="L21" x="0" y="0"/>
<Label uid="L238" x="111" y="0"/>
<Label uid="L240" x="311" y="660"/>
<Button uid="L241" x="464" y="695">
<Property name="ButtonStrategy" type="String" value="GoToPage"/>
<Property name="PageNumber" type="Integer" value="6"/>
</Button>
<Label uid="L239" x="44" y="341"/>
</Page>
<Page>
<Property name="BackgroundLabel" type="String" value="L21"/>
<Label uid="L21" x="0" y="0"/>
<Label uid="L242" x="111" y="0"/>
<Label uid="L244" x="311" y="660"/>
<Button uid="L245" x="464" y="695">
<Property name="ButtonStrategy" type="String" value="GoToPage"/>
<Property name="PageNumber" type="Integer" value="7"/>
</Button>
<Label uid="L243" x="44" y="341"/>
</Page>
<Page>
<Property name="BackgroundLabel" type="String" value="L21"/>
<Label uid="L21" x="0" y="0"/>
<Label uid="L246" x="111" y="0"/>
<Label uid="L248" x="311" y="660"/>
<Button uid="L249" x="464" y="695">
<Property name="ButtonStrategy" type="String" value="GoToPage"/>
<Property name="PageNumber" type="Integer" value="8"/>
</Button>
<Label uid="L247" x="44" y="341"/>
</Page>
<Page>
<Property name="BackgroundLabel" type="String" value="L21"/>
<Label uid="L21" x="0" y="0"/>
<Label uid="L250" x="116" y="0"/>
<Label uid="L252" x="316" y="690"/>
<Button uid="L253" x="469" y="725">
<Property name="ButtonStrategy" type="String" value="GoToPage"/>
<Property name="PageNumber" type="Integer" value="9"/>
</Button>
<Label uid="L251" x="49" y="356"/>
</Page>
<Page>
<Property name="BackgroundLabel" type="String" value="L21"/>
<Label uid="L21" x="0" y="0"/>
<Label uid="L254" x="111" y="0"/>
<Label uid="L256" x="311" y="660"/>
<Button uid="L257" x="464" y="695">
<Property name="ButtonStrategy" type="String" value="GoToPage"/>
<Property name="PageNumber" type="Integer" value="10"/>
</Button>
<Label uid="L255" x="44" y="341"/>
</Page>
<Page>
<Property name="BackgroundLabel" type="String" value="L21"/>
<Label uid="L21" x="0" y="0"/>
<Label uid="L258" x="111" y="0"/>
<Label uid="L260" x="311" y="660"/>
<Button uid="L261" x="464" y="695">
<Property name="ButtonStrategy" type="String" value="GoToPage"/>
<Property name="PageNumber" type="Integer" value="11"/>
</Button>
<Label uid="L259" x="44" y="341"/>
</Page>
<Page>
<Property name="BackgroundLabel" type="String" value="L21"/>
<Label uid="L21" x="0" y="0"/>
<Label uid="L262" x="116" y="0"/>
<Label uid="L264" x="316" y="690"/>
<Button uid="L265" x="469" y="725">
<Property name="ButtonStrategy" type="String" value="GoToPage"/>
<Property name="PageNumber" type="Integer" value="12"/>
</Button>
<Label uid="L263" x="49" y="356"/>
</Page>
<Page>
<Property name="BackgroundLabel" type="String" value="L21"/>
<Label uid="L21" x="0" y="0"/>
<Label uid="L266" x="111" y="0"/>
<Label uid="L268" x="311" y="660"/>
<Button uid="L269" x="464" y="695">
<Property name="ButtonStrategy" type="String" value="GoToPage"/>
<Property name="PageNumber" type="Integer" value="13"/>
</Button>
<Label uid="L267" x="44" y="341"/>
</Page>
<Page>
<Property name="BackgroundLabel" type="String" value="L21"/>
<Label uid="L21" x="0" y="0"/>
<Label uid="L270" x="111" y="0"/>
<Label uid="L272" x="311" y="660"/>
<Button uid="L273" x="464" y="695">
<Property name="ButtonStrategy" type="String" value="GoToPage"/>
<Property name="PageNumber" type="Integer" value="14"/>
</Button>
<Label uid="L271" x="44" y="341"/>
</Page>
<Page>
<Property name="BackgroundLabel" type="String" value="L21"/>
<Label uid="L21" x="0" y="0"/>
<Label uid="L274" x="111" y="0"/>
<Label uid="L276" x="311" y="660"/>
<Button uid="L277" x="464" y="695">
<Property name="ButtonStrategy" type="String" value="GoToPage"/>
<Property name="PageNumber" type="Integer" value="15"/>
</Button>
<Label uid="L275" x="44" y="341"/>
</Page>
<Page>
<Property name="BackgroundLabel" type="String" value="L21"/>
<Label uid="L21" x="0" y="0"/>
<Label uid="L278" x="116" y="0"/>
<Label uid="L280" x="316" y="690"/>
<Button uid="L281" x="469" y="725">
<Property name="ButtonStrategy" type="String" value="GoToPage"/>
<Property name="PageNumber" type="Integer" value="16"/>
</Button>
<Label uid="L279" x="49" y="356"/>
</Page>
<Page>
<Property name="BackgroundLabel" type="String" value="L21"/>
<Label uid="L21" x="0" y="0"/>
<Label uid="L282" x="116" y="0"/>
<Label uid="L284" x="316" y="690"/>
<Button uid="L285" x="469" y="725">
<Property name="ButtonStrategy" type="String" value="GoToPage"/>
<Property name="PageNumber" type="Integer" value="17"/>
</Button>
<Label uid="L283" x="49" y="356"/>
</Page>
<Page>
<Property name="BackgroundLabel" type="String" value="L21"/>
<Label uid="L21" x="0" y="0"/>
<Label uid="L286" x="111" y="0"/>
<Label uid="L288" x="311" y="660"/>
<Button uid="L289" x="464" y="695">
<Property name="ButtonStrategy" type="String" value="GoToPage"/>
<Property name="PageNumber" type="Integer" value="18"/>
</Button>
<Label uid="L287" x="44" y="341"/>
</Page>
<Page>
<Property name="BackgroundLabel" type="String" value="L21"/>
<Label uid="L21" x="0" y="0"/>
<Label uid="L290" x="116" y="0"/>
<Label uid="L292" x="316" y="690"/>
<Button uid="L293" x="469" y="725">
<Property name="ButtonStrategy" type="String" value="GoToPage"/>
<Property name="PageNumber" type="Integer" value="19"/>
</Button>
<Label uid="L291" x="49" y="356"/>
</Page>
<Page>
<Property name="BackgroundLabel" type="String" value="L21"/>
<Label uid="L21" x="0" y="0"/>
<Label uid="L294" x="111" y="0"/>
<Label uid="L296" x="311" y="660"/>
<Button uid="L297" x="464" y="695">
<Property name="ButtonStrategy" type="String" value="GoToPage"/>
<Property name="PageNumber" type="Integer" value="20"/>
</Button>
<Label uid="L295" x="44" y="341"/>
</Page>
<Page>
<Property name="BackgroundLabel" type="String" value="L21"/>
<Label uid="L21" x="0" y="0"/>
<Label uid="L298" x="111" y="0"/>
<Label uid="L300" x="311" y="660"/>
<Button uid="L301" x="464" y="695">
<Property name="ButtonStrategy" type="String" value="GoToPage"/>
<Property name="PageNumber" type="Integer" value="21"/>
</Button>
<Label uid="L299" x="44" y="341"/>
</Page>
<Page>
<Property name="BackgroundLabel" type="String" value="L21"/>
<Label uid="L21" x="0" y="0"/>
<Label uid="L302" x="111" y="0"/>
<Label uid="L304" x="311" y="660"/>
<Button uid="L305" x="464" y="695">
<Property name="ButtonStrategy" type="String" value="GoToPage"/>
<Property name="PageNumber" type="Integer" value="22"/>
</Button>
<Label uid="L303" x="44" y="341"/>
</Page>
<Page>
<Property name="BackgroundLabel" type="String" value="L21"/>
<Label uid="L21" x="0" y="0"/>
<Label uid="L306" x="111" y="0"/>
<Label uid="L308" x="311" y="660"/>
<Button uid="L309" x="464" y="695">
<Property name="ButtonStrategy" type="String" value="GoToPage"/>
<Property name="PageNumber" type="Integer" value="23"/>
</Button>
<Label uid="L307" x="44" y="341"/>
</Page>
<Page>
<Property name="BackgroundLabel" type="String" value="L21"/>
<Label uid="L21" x="0" y="0"/>
<Label uid="L310" x="111" y="0"/>
<Label uid="L312" x="311" y="660"/>
<Button uid="L313" x="464" y="695">
<Property name="ButtonStrategy" type="String" value="GoToPage"/>
<Property name="PageNumber" type="Integer" value="27"/>
</Button>
<Label uid="L311" x="44" y="341"/>
</Page>
<Page>
<Property name="BackgroundLabel" type="String" value="L21"/>
<Label uid="L21" x="0" y="0"/>
<Label uid="L314" x="111" y="0"/>
<Label uid="L316" x="311" y="660"/>
<Button uid="L317" x="464" y="695">
<Property name="ButtonStrategy" type="String" value="GoToPage"/>
<Property name="PageNumber" type="Integer" value="28"/>
</Button>
<Label uid="L315" x="44" y="341"/>
</Page>
<Page>
<Property name="BackgroundLabel" type="String" value="L21"/>
<Label uid="L21" x="0" y="0"/>
<Label uid="L318" x="111" y="0"/>
<Label uid="L320" x="311" y="660"/>
<Button uid="L321" x="464" y="695">
<Property name="ButtonStrategy" type="String" value="GoToPage"/>
<Property name="PageNumber" type="Integer" value="29"/>
</Button>
<Label uid="L319" x="44" y="341"/>
</Page>
<Page>
<Property name="BackgroundLabel" type="String" value="L21"/>
<Label uid="L21" x="0" y="0"/>
<Label uid="L322" x="111" y="0"/>
<Label uid="L324" x="311" y="660"/>
<Button uid="L325" x="464" y="695">
<Property name="ButtonStrategy" type="String" value="GoToPage"/>
<Property name="PageNumber" type="Integer" value="30"/>
</Button>
<Label uid="L323" x="44" y="341"/>
</Page>
<Page>
<Property name="BackgroundLabel" type="String" value="L21"/>
<Label uid="L21" x="0" y="0"/>
<Label uid="L326" x="111" y="0"/>
<Label uid="L328" x="311" y="660"/>
<Button uid="L329" x="464" y="695">
<Property name="ButtonStrategy" type="String" value="GoToPage"/>
<Property name="PageNumber" type="Integer" value="31"/>
</Button>
<Label uid="L327" x="44" y="341"/>
</Page>
<Page>
<Property name="BackgroundLabel" type="String" value="L21"/>
<Label uid="L21" x="0" y="0"/>
<Label uid="L330" x="111" y="0"/>
<Label uid="L332" x="311" y="660"/>
<Button uid="L333" x="464" y="695">
<Property name="ButtonStrategy" type="String" value="GoToPage"/>
<Property name="PageNumber" type="Integer" value="32"/>
</Button>
<Label uid="L331" x="44" y="341"/>
</Page>
<Page>
<Property name="BackgroundLabel" type="String" value="L21"/>
<Label uid="L21" x="0" y="0"/>
<Label uid="L334" x="116" y="0"/>
<Label uid="L336" x="316" y="690"/>
<Button uid="L337" x="469" y="725">
<Property name="ButtonStrategy" type="String" value="GoToPage"/>
<Property name="PageNumber" type="Integer" value="33"/>
</Button>
<Label uid="L335" x="49" y="356"/>
</Page>
<Page>
<Property name="BackgroundLabel" type="String" value="L21"/>
<Label uid="L21" x="0" y="0"/>
<Label uid="L338" x="116" y="0"/>
<Label uid="L340" x="316" y="690"/>
<Button uid="L341" x="469" y="725">
<Property name="ButtonStrategy" type="String" value="GoToPage"/>
<Property name="PageNumber" type="Integer" value="34"/>
</Button>
<Label uid="L339" x="49" y="356"/>
</Page>
<Page>
<Property name="BackgroundLabel" type="String" value="L21"/>
<Label uid="L21" x="0" y="0"/>
<Label uid="L342" x="116" y="0"/>
<Label uid="L344" x="316" y="690"/>
<Button uid="L345" x="469" y="725">
<Property name="ButtonStrategy" type="String" value="GoToPage"/>
<Property name="PageNumber" type="Integer" value="35"/>
</Button>
<Label uid="L343" x="49" y="356"/>
</Page>
<Page>
<Property name="BackgroundLabel" type="String" value="L21"/>
<Label uid="L21" x="0" y="0"/>
<Label uid="L346" x="116" y="0"/>
<Label uid="L348" x="316" y="690"/>
<Button uid="L349" x="469" y="725">
<Property name="ButtonStrategy" type="String" value="GoToPage"/>
<Property name="PageNumber" type="Integer" value="36"/>
</Button>
<Label uid="L347" x="49" y="356"/>
</Page>
<Page>
<Property name="BackgroundLabel" type="String" value="L21"/>
<Label uid="L21" x="0" y="0"/>
<Label uid="L350" x="111" y="0"/>
<Label uid="L352" x="311" y="660"/>
<Button uid="L353" x="464" y="695">
<Property name="ButtonStrategy" type="String" value="GoToPage"/>
<Property name="PageNumber" type="Integer" value="37"/>
</Button>
<Label uid="L351" x="44" y="341"/>
</Page>
<Page>
<Property name="BackgroundLabel" type="String" value="L21"/>
<Label uid="L21" x="0" y="0"/>
<Label uid="L354" x="111" y="0"/>
<Label uid="L356" x="311" y="660"/>
<Button uid="L357" x="464" y="695">
<Property name="ButtonStrategy" type="String" value="GoToPage"/>
<Property name="PageNumber" type="Integer" value="38"/>
</Button>
<Label uid="L355" x="44" y="341"/>
</Page>
<Page>
<Property name="BackgroundLabel" type="String" value="L21"/>
<Label uid="L21" x="0" y="0"/>
<Label uid="L358" x="111" y="0"/>
<Label uid="L360" x="311" y="660"/>
<Button uid="L361" x="464" y="695">
<Property name="ButtonStrategy" type="String" value="GoToPage"/>
<Property name="PageNumber" type="Integer" value="39"/>
</Button>
<Label uid="L359" x="44" y="341"/>
</Page>
<Page>
<Property name="BackgroundLabel" type="String" value="L21"/>
<Label uid="L21" x="0" y="0"/>
<Label uid="L362" x="116" y="0"/>
<Label uid="L364" x="316" y="690"/>
<Button uid="L365" x="469" y="725">
<Property name="ButtonStrategy" type="String" value="GoToPage"/>
<Property name="PageNumber" type="Integer" value="40"/>
</Button>
<Label uid="L363" x="49" y="356"/>
</Page>
<Page>
<Property name="BackgroundLabel" type="String" value="L21"/>
<Label uid="L21" x="0" y="0"/>
<Label uid="L366" x="111" y="0"/>
<Label uid="L368" x="311" y="660"/>
<Button uid="L369" x="464" y="695">
<Property name="ButtonStrategy" type="String" value="GoToPage"/>
<Property name="PageNumber" type="Integer" value="41"/>
</Button>
<Label uid="L367" x="44" y="341"/>
</Page>
<Page>
<Property name="BackgroundLabel" type="String" value="L21"/>
<Label uid="L21" x="0" y="0"/>
<Label uid="L370" x="111" y="0"/>
<Label uid="L372" x="311" y="660"/>
<Button uid="L373" x="464" y="695">
<Property name="ButtonStrategy" type="String" value="GoToPage"/>
<Property name="PageNumber" type="Integer" value="42"/>
</Button>
<Label uid="L371" x="44" y="341"/>
</Page>
<Page>
<Property name="BackgroundLabel" type="String" value="L21"/>
<Label uid="L21" x="0" y="0"/>
<Label uid="L374" x="111" y="0"/>
<Label uid="L376" x="311" y="660"/>
<Button uid="L377" x="464" y="695">
<Property name="ButtonStrategy" type="String" value="GoToPage"/>
<Property name="PageNumber" type="Integer" value="43"/>
</Button>
<Label uid="L375" x="44" y="341"/>
</Page>
<Page>
<Property name="BackgroundLabel" type="String" value="L21"/>
<Label uid="L21" x="0" y="0"/>
<Label uid="L378" x="116" y="0"/>
<Label uid="L380" x="316" y="690"/>
<Button uid="L381" x="469" y="725">
<Property name="ButtonStrategy" type="String" value="GoToPage"/>
<Property name="PageNumber" type="Integer" value="44"/>
</Button>
<Label uid="L379" x="49" y="356"/>
</Page>
<Page>
<Property name="BackgroundLabel" type="String" value="L21"/>
<Label uid="L21" x="0" y="0"/>
<Label uid="L382" x="116" y="0"/>
<Label uid="L384" x="316" y="690"/>
<Button uid="L385" x="469" y="725">
<Property name="ButtonStrategy" type="String" value="GoToPage"/>
<Property name="PageNumber" type="Integer" value="45"/>
</Button>
<Label uid="L383" x="49" y="356"/>
</Page>
<Page>
<Property name="BackgroundLabel" type="String" value="L21"/>
<Label uid="L21" x="0" y="0"/>
<Label uid="L386" x="111" y="0"/>
<Label uid="L388" x="311" y="660"/>
<Button uid="L389" x="464" y="695">
<Property name="ButtonStrategy" type="String" value="GoToPage"/>
<Property name="PageNumber" type="Integer" value="46"/>
</Button>
<Label uid="L387" x="44" y="341"/>
</Page>
<Page>
<Property name="BackgroundLabel" type="String" value="L21"/>
<Label uid="L21" x="0" y="0"/>
<Label uid="L390" x="116" y="0"/>
<Label uid="L392" x="316" y="690"/>
<Button uid="L393" x="469" y="725">
<Property name="ButtonStrategy" type="String" value="GoToPage"/>
<Property name="PageNumber" type="Integer" value="47"/>
</Button>
<Label uid="L391" x="49" y="356"/>
</Page>
<Page>
<Property name="BackgroundLabel" type="String" value="L21"/>
<Label uid="L21" x="0" y="0"/>
<Label uid="L394" x="111" y="0"/>
<Label uid="L396" x="311" y="660"/>
<Button uid="L397" x="464" y="695">
<Property name="ButtonStrategy" type="String" value="GoToPage"/>
<Property name="PageNumber" type="Integer" value="48"/>
</Button>
<Label uid="L395" x="44" y="341"/>
</Page>
<Page>
<Property name="BackgroundLabel" type="String" value="L21"/>
<Label uid="L21" x="0" y="0"/>
<Label uid="L398" x="111" y="0"/>
<Label uid="L400" x="311" y="660"/>
<Button uid="L401" x="464" y="695">
<Property name="ButtonStrategy" type="String" value="GoToPage"/>
<Property name="PageNumber" type="Integer" value="49"/>
</Button>
<Label uid="L399" x="44" y="341"/>
</Page>
</Layout>
