<?xml version="1.0" encoding="UTF-8"?><Layout>
<Property name="OverrideCancelPage" type="Integer" value="11"/>
<Property name="OverrideCastPage" type="Integer" value="12"/>
<Property name="ResponsePage" type="Integer" value="13"/>
<Page>
<Property name="BackgroundLabel" type="String" value="L20"/>
<Label uid="L20" x="0" y="0"/>
<Label uid="L22" x="228" y="0"/>
<Label uid="L23" x="710" y="659"/>
<Button uid="L9" x="852" y="695">
<Property name="ButtonStrategy" type="String" value="NextPage"/>
</Button>
<Label uid="L5" x="0" y="0"/>
<Label uid="L2" x="0" y="185"/>
<Label uid="L3" x="0" y="370"/>
<Label uid="L4" x="0" y="581"/>
<Label uid="L24" x="318" y="152"/>
</Page>
<Page>
<Property name="BackgroundLabel" type="String" value="L20"/>
<Label uid="L20" x="0" y="0"/>
<Label uid="L26" x="228" y="0"/>
<Label uid="L19" x="301" y="60"/>
<Label uid="L27" x="225" y="659"/>
<Button uid="L10" x="275" y="695">
<Property name="ButtonStrategy" type="String" value="PreviousPage"/>
</Button>
<Label uid="L15" x="780" y="659"/>
<Button uid="L9" x="852" y="695">
<Property name="ButtonStrategy" type="String" value="NextPage"/>
</Button>
<Label uid="L1" x="0" y="0"/>
<Label uid="L6" x="0" y="185"/>
<Label uid="L3" x="0" y="370"/>
<Label uid="L4" x="0" y="581"/>
<Label uid="L25" x="327" y="302"/>
<ToggleButtonGroup>
<Property name="ToggleButtonGroupStrategy" type="String" value="Race"/>
<ToggleButton uid="B2" x="327" y="362"/>
<ToggleButton uid="B3" x="327" y="425"/>
</ToggleButtonGroup>
</Page>
<Page>
<Property name="BackgroundLabel" type="String" value="L20"/>
<Label uid="L20" x="0" y="0"/>
<Label uid="L29" x="228" y="0"/>
<Label uid="L19" x="301" y="60"/>
<Label uid="L16" x="225" y="658"/>
<Button uid="L10" x="275" y="695">
<Property name="ButtonStrategy" type="String" value="PreviousPage"/>
</Button>
<Label uid="L15" x="780" y="659"/>
<Button uid="L9" x="852" y="695">
<Property name="ButtonStrategy" type="String" value="NextPage"/>
</Button>
<Label uid="L1" x="0" y="0"/>
<Label uid="L6" x="0" y="185"/>
<Label uid="L3" x="0" y="370"/>
<Label uid="L4" x="0" y="581"/>
<Label uid="L28" x="327" y="287"/>
<ToggleButtonGroup>
<Property name="ToggleButtonGroupStrategy" type="String" value="Race"/>
<ToggleButton uid="B5" x="327" y="383"/>
<ToggleButton uid="B6" x="327" y="423"/>
<ToggleButton uid="B7" x="327" y="463"/>
</ToggleButtonGroup>
</Page>
<Page>
<Property name="BackgroundLabel" type="String" value="L20"/>
<Label uid="L20" x="0" y="0"/>
<Label uid="L31" x="225" y="0"/>
<Label uid="L19" x="301" y="60"/>
<Label uid="L16" x="225" y="658"/>
<Button uid="L10" x="275" y="695">
<Property name="ButtonStrategy" type="String" value="PreviousPage"/>
</Button>
<Label uid="L32" x="688" y="658"/>
<Button uid="L9" x="852" y="695">
<Property name="ButtonStrategy" type="String" value="NextPage"/>
</Button>
<Label uid="L1" x="0" y="0"/>
<Label uid="L6" x="0" y="185"/>
<Label uid="L3" x="0" y="370"/>
<Label uid="L4" x="0" y="581"/>
<Label uid="L30" x="323" y="305"/>
<ToggleButtonGroup>
<Property name="ToggleButtonGroupStrategy" type="String" value="Race"/>
<ToggleButton uid="B9" x="323" y="365"/>
<ToggleButton uid="B10" x="323" y="405"/>
<ToggleButton uid="B11" x="323" y="445"/>
</ToggleButtonGroup>
</Page>
<Page>
<Property name="BackgroundLabel" type="String" value="L20"/>
<Label uid="L20" x="0" y="0"/>
<Label uid="L45" x="228" y="0"/>
<Label uid="L51" x="229" y="60"/>
<Label uid="L46" x="225" y="659"/>
<Button uid="L10" x="275" y="695">
<Property name="ButtonStrategy" type="String" value="PreviousPage"/>
</Button>
<Label uid="L47" x="926" y="659"/>
<Button uid="L9" x="852" y="695">
<Property name="ButtonStrategy" type="String" value="NextPage"/>
</Button>
<Label uid="L1" x="0" y="0"/>
<Label uid="L2" x="0" y="185"/>
<Label uid="L7" x="0" y="370"/>
<Label uid="L4" x="0" y="581"/>
<Button uid="L48" x="362" y="347">
<Property name="ButtonStrategy" type="String" value="GoToPage"/>
<Property name="PageNumber" type="Integer" value="7"/>
</Button>
<Button uid="B1" x="562" y="347">
<Property name="ButtonStrategy" type="String" value="GoToPage"/>
<Property name="PageNumber" type="Integer" value="7"/>
</Button>
<Button uid="L49" x="362" y="386">
<Property name="ButtonStrategy" type="String" value="GoToPage"/>
<Property name="PageNumber" type="Integer" value="8"/>
</Button>
<Button uid="B4" x="562" y="386">
<Property name="ButtonStrategy" type="String" value="GoToPage"/>
<Property name="PageNumber" type="Integer" value="8"/>
</Button>
<Button uid="L50" x="362" y="415">
<Property name="ButtonStrategy" type="String" value="GoToPage"/>
<Property name="PageNumber" type="Integer" value="9"/>
</Button>
<Button uid="B8" x="562" y="415">
<Property name="ButtonStrategy" type="String" value="GoToPage"/>
<Property name="PageNumber" type="Integer" value="9"/>
</Button>
<Property name="IsReviewPage" type="String" value="yes"/>
</Page>
<Page>
<Property name="BackgroundLabel" type="String" value="L20"/>
<Label uid="L20" x="0" y="0"/>
<Label uid="L52" x="228" y="0"/>
<Label uid="L53" x="225" y="659"/>
<Button uid="L10" x="275" y="695">
<Property name="ButtonStrategy" type="String" value="PreviousPage"/>
</Button>
<Label uid="L54" x="925" y="659"/>
<Button uid="L13" x="851" y="695">
<Property name="ButtonStrategy" type="String" value="CommitBallot"/>
</Button>
<Label uid="L1" x="0" y="0"/>
<Label uid="L2" x="0" y="185"/>
<Label uid="L3" x="0" y="370"/>
<Label uid="L8" x="0" y="555"/>
<Label uid="L55" x="373" y="296"/>
</Page>
<Page>
<Property name="BackgroundLabel" type="String" value="L21"/>
<Label uid="L21" x="0" y="0"/>
<Label uid="L56" x="115" y="0"/>
<Label uid="L57" x="319" y="60"/>
<Button uid="L14" x="434" y="375">
<Property name="ButtonStrategy" type="String" value="Challenge"/>
</Button>
<Button uid="L12" x="448" y="465">
<Property name="ButtonStrategy" type="String" value="CastBallot"/>
</Button>
</Page>
<Page>
<Property name="BackgroundLabel" type="String" value="L21"/>
<Label uid="L21" x="0" y="0"/>
<Label uid="L58" x="115" y="0"/>
<Label uid="L59" x="250" y="386"/>
</Page>
<Page>
<Property name="BackgroundLabel" type="String" value="L20"/>
<Label uid="L20" x="0" y="0"/>
<Label uid="L34" x="228" y="0"/>
<Label uid="L19" x="301" y="60"/>
<Label uid="L17" x="476" y="658"/>
<Button uid="L35" x="587" y="695">
<Property name="ButtonStrategy" type="String" value="GoToPageRequireSelection"/>
<Property name="PageNumber" type="Integer" value="4"/>
<Property name="NoSelectionPageNumber" type="Integer" value="4"/>
<Property name="ParentCard" type="String" value="B1"/>
</Button>
<Label uid="L17" x="476" y="658"/>
<Button uid="L36" x="587" y="695">
<Property name="ButtonStrategy" type="String" value="GoToPage"/>
<Property name="PageNumber" type="Integer" value="4"/>
</Button>
<Label uid="L1" x="0" y="0"/>
<Label uid="L6" x="0" y="185"/>
<Label uid="L3" x="0" y="370"/>
<Label uid="L4" x="0" y="581"/>
<Label uid="L33" x="327" y="302"/>
<ToggleButtonGroup>
<Property name="ToggleButtonGroupStrategy" type="String" value="Race"/>
<ToggleButton uid="B2" x="327" y="362"/>
<ToggleButton uid="B3" x="327" y="425"/>
</ToggleButtonGroup>
</Page>
<Page>
<Property name="BackgroundLabel" type="String" value="L20"/>
<Label uid="L20" x="0" y="0"/>
<Label uid="L38" x="228" y="0"/>
<Label uid="L19" x="301" y="60"/>
<Label uid="L17" x="476" y="658"/>
<Button uid="L39" x="587" y="695">
<Property name="ButtonStrategy" type="String" value="GoToPageRequireSelection"/>
<Property name="PageNumber" type="Integer" value="4"/>
<Property name="NoSelectionPageNumber" type="Integer" value="4"/>
<Property name="ParentCard" type="String" value="B4"/>
</Button>
<Label uid="L17" x="476" y="658"/>
<Button uid="L40" x="587" y="695">
<Property name="ButtonStrategy" type="String" value="GoToPage"/>
<Property name="PageNumber" type="Integer" value="4"/>
</Button>
<Label uid="L1" x="0" y="0"/>
<Label uid="L6" x="0" y="185"/>
<Label uid="L3" x="0" y="370"/>
<Label uid="L4" x="0" y="581"/>
<Label uid="L37" x="327" y="287"/>
<ToggleButtonGroup>
<Property name="ToggleButtonGroupStrategy" type="String" value="Race"/>
<ToggleButton uid="B5" x="327" y="383"/>
<ToggleButton uid="B6" x="327" y="423"/>
<ToggleButton uid="B7" x="327" y="463"/>
</ToggleButtonGroup>
</Page>
<Page>
<Property name="BackgroundLabel" type="String" value="L20"/>
<Label uid="L20" x="0" y="0"/>
<Label uid="L42" x="225" y="0"/>
<Label uid="L19" x="301" y="60"/>
<Label uid="L17" x="476" y="658"/>
<Button uid="L43" x="583" y="694">
<Property name="ButtonStrategy" type="String" value="GoToPageRequireSelection"/>
<Property name="PageNumber" type="Integer" value="4"/>
<Property name="NoSelectionPageNumber" type="Integer" value="4"/>
<Property name="ParentCard" type="String" value="B8"/>
</Button>
<Label uid="L17" x="476" y="658"/>
<Button uid="L44" x="583" y="694">
<Property name="ButtonStrategy" type="String" value="GoToPage"/>
<Property name="PageNumber" type="Integer" value="4"/>
</Button>
<Label uid="L1" x="0" y="0"/>
<Label uid="L6" x="0" y="185"/>
<Label uid="L3" x="0" y="370"/>
<Label uid="L4" x="0" y="581"/>
<Label uid="L41" x="323" y="305"/>
<ToggleButtonGroup>
<Property name="ToggleButtonGroupStrategy" type="String" value="Race"/>
<ToggleButton uid="B9" x="323" y="365"/>
<ToggleButton uid="B10" x="323" y="405"/>
<ToggleButton uid="B11" x="323" y="445"/>
</ToggleButtonGroup>
</Page>
<Page>
<Property name="BackgroundLabel" type="String" value="L21"/>
<Label uid="L21" x="0" y="0"/>
<Label uid="L60" x="115" y="0"/>
<Label uid="L61" x="246" y="60"/>
<Button uid="L62" x="401" y="375">
<Property name="ButtonStrategy" type="String" value="OverrideCancelConfirm"/>
</Button>
<Button uid="L63" x="394" y="465">
<Property name="ButtonStrategy" type="String" value="OverrideCancelDeny"/>
</Button>
</Page>
<Page>
<Property name="BackgroundLabel" type="String" value="L21"/>
<Label uid="L21" x="0" y="0"/>
<Label uid="L64" x="115" y="0"/>
<Label uid="L65" x="267" y="60"/>
<Button uid="L66" x="412" y="375">
<Property name="ButtonStrategy" type="String" value="OverrideCastConfirm"/>
</Button>
<Button uid="L67" x="394" y="465">
<Property name="ButtonStrategy" type="String" value="OverrideCastDeny"/>
</Button>
</Page>
<Page>
<Property name="BackgroundLabel" type="String" value="L21"/>
<Label uid="L21" x="0" y="0"/>
<Label uid="L68" x="115" y="0"/>
<Label uid="L69" x="193" y="386"/>
</Page>
<Page>
<Property name="BackgroundLabel" type="String" value="L21"/>
<Label uid="L21" x="0" y="0"/>
<Label uid="L70" x="115" y="0"/>
<Label uid="L72" x="357" y="659"/>
<Button uid="L73" x="474" y="695">
<Property name="ButtonStrategy" type="String" value="GoToPage"/>
<Property name="PageNumber" type="Integer" value="1"/>
</Button>
<Label uid="L71" x="139" y="341"/>
</Page>
<Page>
<Property name="BackgroundLabel" type="String" value="L21"/>
<Label uid="L21" x="0" y="0"/>
<Label uid="L74" x="115" y="0"/>
<Label uid="L76" x="357" y="659"/>
<Button uid="L77" x="474" y="695">
<Property name="ButtonStrategy" type="String" value="GoToPage"/>
<Property name="PageNumber" type="Integer" value="2"/>
</Button>
<Label uid="L75" x="139" y="341"/>
</Page>
<Page>
<Property name="BackgroundLabel" type="String" value="L21"/>
<Label uid="L21" x="0" y="0"/>
<Label uid="L78" x="115" y="0"/>
<Label uid="L80" x="357" y="659"/>
<Button uid="L81" x="474" y="695">
<Property name="ButtonStrategy" type="String" value="GoToPage"/>
<Property name="PageNumber" type="Integer" value="3"/>
</Button>
<Label uid="L79" x="139" y="341"/>
</Page>
<Page>
<Property name="BackgroundLabel" type="String" value="L21"/>
<Label uid="L21" x="0" y="0"/>
<Label uid="L82" x="111" y="0"/>
<Label uid="L84" x="353" y="658"/>
<Button uid="L85" x="470" y="694">
<Property name="ButtonStrategy" type="String" value="GoToPage"/>
<Property name="PageNumber" type="Integer" value="7"/>
</Button>
<Label uid="L83" x="135" y="341"/>
</Page>
<Page>
<Property name="BackgroundLabel" type="String" value="L21"/>
<Label uid="L21" x="0" y="0"/>
<Label uid="L86" x="111" y="0"/>
<Label uid="L88" x="353" y="658"/>
<Button uid="L89" x="470" y="694">
<Property name="ButtonStrategy" type="String" value="GoToPage"/>
<Property name="PageNumber" type="Integer" value="8"/>
</Button>
<Label uid="L87" x="135" y="341"/>
</Page>
<Page>
<Property name="BackgroundLabel" type="String" value="L21"/>
<Label uid="L21" x="0" y="0"/>
<Label uid="L90" x="115" y="0"/>
<Label uid="L92" x="357" y="659"/>
<Button uid="L93" x="474" y="695">
<Property name="ButtonStrategy" type="String" value="GoToPage"/>
<Property name="PageNumber" type="Integer" value="9"/>
</Button>
<Label uid="L91" x="139" y="341"/>
</Page>
</Layout>
