<?xml version="1.0" encoding="UTF-8"?><Ballot>
<Property name="StartImageSize" type="Integer" value="1"/>
<ListProperty name="Languages" type="String">
<ListElement value="en"/>
<ListElement value="es"/>
</ListProperty>
<Property name="MaxImageSize" type="Integer" value="1"/>
<Card uid="B1">
<Property name="CardStrategy" type="String" value="RadioButton"/>
<Property name="TitleLabelUID" type="String" value="L37"/>
<SelectableCardElement uid="B2">
<Property name="Party" type="String" value="Black"/>
</SelectableCardElement>
<SelectableCardElement uid="B3">
<Property name="Party" type="String" value="Red"/>
</SelectableCardElement>
<SelectableCardElement uid="B4">
<Property name="Party" type="String" value="Blue"/>
</SelectableCardElement>
<ListProperty name="RaceGroup" type="String">
<ListElement value="B1"/>
<ListElement value="B2"/>
<ListElement value="B3"/>
<ListElement value="B4"/>
</ListProperty>
<Property name="CardStrategy" type="String" value="StraightTicket"/>
</Card>
<Card uid="B5">
<Property name="CardStrategy" type="String" value="RadioButton"/>
<Property name="TitleLabelUID" type="String" value="L43"/>
<SelectableCardElement uid="B6">
<Property name="Party" type="String" value="Black"/>
</SelectableCardElement>
<SelectableCardElement uid="B7">
<Property name="Party" type="String" value="Red"/>
</SelectableCardElement>
<SelectableCardElement uid="B8">
<Property name="Party" type="String" value="Blue"/>
</SelectableCardElement>
<ListProperty name="RaceGroup" type="String">
<ListElement value="B5"/>
<ListElement value="B6"/>
<ListElement value="B7"/>
<ListElement value="B8"/>
</ListProperty>
</Card>
<Card uid="B9">
<Property name="CardStrategy" type="String" value="RadioButton"/>
<Property name="TitleLabelUID" type="String" value="L48"/>
<SelectableCardElement uid="B10"/>
<SelectableCardElement uid="B11"/>
<SelectableCardElement uid="B12"/>
<ListProperty name="RaceGroup" type="String">
<ListElement value="B9"/>
<ListElement value="B10"/>
<ListElement value="B11"/>
<ListElement value="B12"/>
</ListProperty>
</Card>
</Ballot>
