<?xml version="1.0" encoding="UTF-8"?><Layout>
<Property name="OverrideCancelPage" type="Integer" value="11"/>
<Property name="OverrideCastPage" type="Integer" value="12"/>
<Property name="ProvisionalSuccessPage" type="Integer" value="14"/>
<Page>
<Property name="BackgroundLabel" type="String" value="L19"/>
<Label uid="L19" x="0" y="0"/>
<Label uid="L23" x="244" y="0"/>
<Label uid="L27" x="713" y="59">
<Property name="Right" type="String" value="L25"/>
<Property name="Next" type="String" value="L26"/>
</Label>
<Label uid="L24" x="1224" y="790"/>
<Button uid="L25" x="1353" y="826">
<Property name="Up" type="String" value="L29"/>
<Property name="Left" type="String" value="L29"/>
<Property name="Previous" type="String" value="L29"/>
<Property name="ButtonStrategy" type="String" value="NextPage"/>
</Button>
<Label uid="L5" x="0" y="1"/>
<Label uid="L2" x="9" y="219"/>
<Label uid="L3" x="9" y="437"/>
<Label uid="L4" x="9" y="678"/>
<Label uid="L26" x="621" y="373">
<Property name="Down" type="String" value="L28"/>
<Property name="Next" type="String" value="L28"/>
<Property name="Previous" type="String" value="L27"/>
</Label>
<ToggleButtonGroup>
<Property name="ToggleButtonGroupStrategy" type="String" value="LanguageSelect"/>
<ToggleButton uid="L28" x="621" y="432">
<Property name="Up" type="String" value="L26"/>
<Property name="Down" type="String" value="L29"/>
<Property name="Left" type="String" value="L25"/>
<Property name="Right" type="String" value="L25"/>
<Property name="Next" type="String" value="L29"/>
<Property name="Previous" type="String" value="L26"/>
<Property name="Language" type="String" value="en"/>
</ToggleButton>
<ToggleButton uid="L29" x="621" y="472">
<Property name="Up" type="String" value="L28"/>
<Property name="Down" type="String" value="L25"/>
<Property name="Left" type="String" value="L25"/>
<Property name="Right" type="String" value="L25"/>
<Property name="Next" type="String" value="L25"/>
<Property name="Previous" type="String" value="L28"/>
<Property name="Language" type="String" value="es"/>
</ToggleButton>
</ToggleButtonGroup>
</Page>
<Page>
<Property name="BackgroundLabel" type="String" value="L19"/>
<Label uid="L19" x="0" y="0"/>
<Label uid="L30" x="244" y="0"/>
<Label uid="L32" x="244" y="790"/>
<Button uid="L33" x="294" y="826">
<Property name="Right" type="String" value="L31"/>
<Property name="Next" type="String" value="L31"/>
<Property name="ButtonStrategy" type="String" value="PreviousPage"/>
</Button>
<Label uid="L34" x="1190" y="790"/>
<Button uid="L35" x="1352" y="826">
<Property name="Left" type="String" value="L31"/>
<Property name="Previous" type="String" value="L31"/>
<Property name="ButtonStrategy" type="String" value="NextPage"/>
</Button>
<Label uid="L5" x="0" y="1"/>
<Label uid="L2" x="9" y="219"/>
<Label uid="L3" x="9" y="437"/>
<Label uid="L4" x="9" y="678"/>
<Label uid="L31" x="584" y="217">
<Property name="Left" type="String" value="L33"/>
<Property name="Right" type="String" value="L35"/>
<Property name="Next" type="String" value="L35"/>
<Property name="Previous" type="String" value="L33"/>
</Label>
</Page>
<Page>
<Property name="BackgroundLabel" type="String" value="L19"/>
<Label uid="L19" x="0" y="0"/>
<Label uid="L37" x="244" y="0"/>
<Label uid="L41" x="590" y="59">
<Property name="Down" type="String" value="L36"/>
<Property name="Left" type="String" value="L39"/>
<Property name="Right" type="String" value="L36"/>
<Property name="Next" type="String" value="L36"/>
<Property name="Previous" type="String" value="L39"/>
</Label>
<Label uid="L38" x="244" y="790"/>
<Button uid="L39" x="294" y="826">
<Property name="Up" type="String" value="B4"/>
<Property name="Next" type="String" value="L41"/>
<Property name="ButtonStrategy" type="String" value="PreviousPage"/>
</Button>
<Label uid="L14" x="1256" y="790"/>
<Button uid="L40" x="1352" y="826">
<Property name="Up" type="String" value="B4"/>
<Property name="Down" type="String" value="L36"/>
<Property name="Left" type="String" value="B4"/>
<Property name="Previous" type="String" value="B4"/>
<Property name="ButtonStrategy" type="String" value="NextPage"/>
</Button>
<Label uid="L1" x="9" y="1"/>
<Label uid="L6" x="0" y="219"/>
<Label uid="L3" x="9" y="437"/>
<Label uid="L4" x="9" y="678"/>
<Label uid="L36" x="621" y="389">
<Property name="Up" type="String" value="L41"/>
<Property name="Down" type="String" value="B2"/>
<Property name="Left" type="String" value="L39"/>
<Property name="Right" type="String" value="L40"/>
<Property name="Next" type="String" value="B2"/>
<Property name="Previous" type="String" value="L41"/>
</Label>
<ToggleButtonGroup>
<Property name="ToggleButtonGroupStrategy" type="String" value="Race"/>
<ToggleButton uid="B2" x="621" y="448">
<Property name="Up" type="String" value="L36"/>
<Property name="Down" type="String" value="B3"/>
<Property name="Left" type="String" value="L39"/>
<Property name="Right" type="String" value="L40"/>
<Property name="Next" type="String" value="B3"/>
<Property name="Previous" type="String" value="L36"/>
</ToggleButton>
<ToggleButton uid="B3" x="621" y="488">
<Property name="Up" type="String" value="B2"/>
<Property name="Down" type="String" value="B4"/>
<Property name="Left" type="String" value="L39"/>
<Property name="Right" type="String" value="L40"/>
<Property name="Next" type="String" value="B4"/>
<Property name="Previous" type="String" value="B2"/>
</ToggleButton>
<ToggleButton uid="B4" x="621" y="528">
<Property name="Up" type="String" value="B3"/>
<Property name="Down" type="String" value="L40"/>
<Property name="Left" type="String" value="L39"/>
<Property name="Right" type="String" value="L40"/>
<Property name="Next" type="String" value="L40"/>
<Property name="Previous" type="String" value="B3"/>
</ToggleButton>
</ToggleButtonGroup>
</Page>
<Page>
<Property name="BackgroundLabel" type="String" value="L19"/>
<Label uid="L19" x="0" y="0"/>
<Label uid="L43" x="244" y="0"/>
<Label uid="L46" x="589" y="59">
<Property name="Down" type="String" value="L42"/>
<Property name="Left" type="String" value="L44"/>
<Property name="Right" type="String" value="L42"/>
<Property name="Next" type="String" value="L42"/>
<Property name="Previous" type="String" value="L44"/>
</Label>
<Label uid="L15" x="244" y="790"/>
<Button uid="L44" x="294" y="826">
<Property name="Up" type="String" value="B8"/>
<Property name="Next" type="String" value="L46"/>
<Property name="ButtonStrategy" type="String" value="PreviousPage"/>
</Button>
<Label uid="L14" x="1256" y="790"/>
<Button uid="L45" x="1353" y="826">
<Property name="Up" type="String" value="B8"/>
<Property name="Down" type="String" value="L42"/>
<Property name="Left" type="String" value="B8"/>
<Property name="Previous" type="String" value="B8"/>
<Property name="ButtonStrategy" type="String" value="NextPage"/>
</Button>
<Label uid="L1" x="9" y="1"/>
<Label uid="L6" x="0" y="219"/>
<Label uid="L3" x="9" y="437"/>
<Label uid="L4" x="9" y="678"/>
<Label uid="L42" x="621" y="371">
<Property name="Up" type="String" value="L46"/>
<Property name="Down" type="String" value="B6"/>
<Property name="Left" type="String" value="L44"/>
<Property name="Right" type="String" value="L45"/>
<Property name="Next" type="String" value="B6"/>
<Property name="Previous" type="String" value="L46"/>
</Label>
<ToggleButtonGroup>
<Property name="ToggleButtonGroupStrategy" type="String" value="Race"/>
<ToggleButton uid="B6" x="621" y="430">
<Property name="Up" type="String" value="L42"/>
<Property name="Down" type="String" value="B7"/>
<Property name="Left" type="String" value="L44"/>
<Property name="Right" type="String" value="L45"/>
<Property name="Next" type="String" value="B7"/>
<Property name="Previous" type="String" value="L42"/>
</ToggleButton>
<ToggleButton uid="B7" x="621" y="470">
<Property name="Up" type="String" value="B6"/>
<Property name="Down" type="String" value="B8"/>
<Property name="Left" type="String" value="L44"/>
<Property name="Right" type="String" value="L45"/>
<Property name="Next" type="String" value="B8"/>
<Property name="Previous" type="String" value="B6"/>
</ToggleButton>
<ToggleButton uid="B8" x="621" y="510">
<Property name="Up" type="String" value="B7"/>
<Property name="Down" type="String" value="L45"/>
<Property name="Left" type="String" value="L44"/>
<Property name="Right" type="String" value="L45"/>
<Property name="Next" type="String" value="L45"/>
<Property name="Previous" type="String" value="B7"/>
</ToggleButton>
</ToggleButtonGroup>
</Page>
<Page>
<Property name="BackgroundLabel" type="String" value="L19"/>
<Label uid="L19" x="0" y="0"/>
<Label uid="L48" x="244" y="0"/>
<Label uid="L52" x="584" y="59">
<Property name="Down" type="String" value="L47"/>
<Property name="Left" type="String" value="L49"/>
<Property name="Right" type="String" value="L47"/>
<Property name="Next" type="String" value="L47"/>
<Property name="Previous" type="String" value="L49"/>
</Label>
<Label uid="L15" x="244" y="790"/>
<Button uid="L49" x="294" y="826">
<Property name="Up" type="String" value="B12"/>
<Property name="Next" type="String" value="L52"/>
<Property name="ButtonStrategy" type="String" value="PreviousPage"/>
</Button>
<Label uid="L50" x="1172" y="790"/>
<Button uid="L51" x="1352" y="826">
<Property name="Up" type="String" value="B12"/>
<Property name="Down" type="String" value="L47"/>
<Property name="Left" type="String" value="B12"/>
<Property name="Previous" type="String" value="B12"/>
<Property name="ButtonStrategy" type="String" value="NextPage"/>
</Button>
<Label uid="L1" x="9" y="1"/>
<Label uid="L6" x="0" y="219"/>
<Label uid="L3" x="9" y="437"/>
<Label uid="L4" x="9" y="678"/>
<Label uid="L47" x="621" y="371">
<Property name="Up" type="String" value="L52"/>
<Property name="Down" type="String" value="B10"/>
<Property name="Left" type="String" value="L49"/>
<Property name="Right" type="String" value="L51"/>
<Property name="Next" type="String" value="B10"/>
<Property name="Previous" type="String" value="L52"/>
</Label>
<ToggleButtonGroup>
<Property name="ToggleButtonGroupStrategy" type="String" value="Race"/>
<ToggleButton uid="B10" x="621" y="430">
<Property name="Up" type="String" value="L47"/>
<Property name="Down" type="String" value="B11"/>
<Property name="Left" type="String" value="L49"/>
<Property name="Right" type="String" value="L51"/>
<Property name="Next" type="String" value="B11"/>
<Property name="Previous" type="String" value="L47"/>
</ToggleButton>
<ToggleButton uid="B11" x="621" y="470">
<Property name="Up" type="String" value="B10"/>
<Property name="Down" type="String" value="B12"/>
<Property name="Left" type="String" value="L49"/>
<Property name="Right" type="String" value="L51"/>
<Property name="Next" type="String" value="B12"/>
<Property name="Previous" type="String" value="B10"/>
</ToggleButton>
<ToggleButton uid="B12" x="621" y="510">
<Property name="Up" type="String" value="B11"/>
<Property name="Down" type="String" value="L51"/>
<Property name="Left" type="String" value="L49"/>
<Property name="Right" type="String" value="L51"/>
<Property name="Next" type="String" value="L51"/>
<Property name="Previous" type="String" value="B11"/>
</ToggleButton>
</ToggleButtonGroup>
</Page>
<Page>
<Property name="BackgroundLabel" type="String" value="L19"/>
<Label uid="L19" x="0" y="0"/>
<Label uid="L65" x="244" y="0"/>
<Label uid="L70" x="599" y="59">
<Property name="Down" type="String" value="L71"/>
<Property name="Left" type="String" value="L67"/>
<Property name="Right" type="String" value="L69"/>
<Property name="Next" type="String" value="L71"/>
<Property name="Previous" type="String" value="L67"/>
</Label>
<Label uid="L66" x="244" y="790"/>
<Button uid="L67" x="294" y="826">
<Property name="Up" type="String" value="L70"/>
<Property name="Next" type="String" value="L70"/>
<Property name="ButtonStrategy" type="String" value="PreviousPage"/>
</Button>
<Label uid="L68" x="1440" y="790"/>
<Button uid="L69" x="1353" y="826">
<Property name="Up" type="String" value="B9"/>
<Property name="Left" type="String" value="B9"/>
<Property name="Previous" type="String" value="B9"/>
<Property name="ButtonStrategy" type="String" value="NextPage"/>
</Button>
<Label uid="L1" x="9" y="1"/>
<Label uid="L2" x="9" y="219"/>
<Label uid="L7" x="0" y="437"/>
<Label uid="L4" x="9" y="678"/>
<Button uid="L71" x="591" y="435">
<Property name="Up" type="String" value="L70"/>
<Property name="Down" type="String" value="L72"/>
<Property name="Left" type="String" value="L67"/>
<Property name="Right" type="String" value="B1"/>
<Property name="Next" type="String" value="B1"/>
<Property name="Previous" type="String" value="L70"/>
<Property name="ButtonStrategy" type="String" value="GoToPage"/>
<Property name="PageNumber" type="Integer" value="8"/>
</Button>
<Button uid="B1" x="921" y="435">
<Property name="Up" type="String" value="L70"/>
<Property name="Down" type="String" value="B5"/>
<Property name="Left" type="String" value="L71"/>
<Property name="Right" type="String" value="L69"/>
<Property name="Next" type="String" value="L72"/>
<Property name="Previous" type="String" value="L71"/>
<Property name="ButtonStrategy" type="String" value="GoToPage"/>
<Property name="PageNumber" type="Integer" value="8"/>
</Button>
<Button uid="L72" x="591" y="464">
<Property name="Up" type="String" value="L71"/>
<Property name="Down" type="String" value="L73"/>
<Property name="Left" type="String" value="L67"/>
<Property name="Right" type="String" value="B5"/>
<Property name="Next" type="String" value="B5"/>
<Property name="Previous" type="String" value="B1"/>
<Property name="ButtonStrategy" type="String" value="GoToPage"/>
<Property name="PageNumber" type="Integer" value="9"/>
</Button>
<Button uid="B5" x="921" y="464">
<Property name="Up" type="String" value="B1"/>
<Property name="Down" type="String" value="B9"/>
<Property name="Left" type="String" value="L72"/>
<Property name="Right" type="String" value="L69"/>
<Property name="Next" type="String" value="L73"/>
<Property name="Previous" type="String" value="L72"/>
<Property name="ButtonStrategy" type="String" value="GoToPage"/>
<Property name="PageNumber" type="Integer" value="9"/>
</Button>
<Button uid="L73" x="591" y="493">
<Property name="Up" type="String" value="L72"/>
<Property name="Down" type="String" value="L69"/>
<Property name="Left" type="String" value="L67"/>
<Property name="Right" type="String" value="B9"/>
<Property name="Next" type="String" value="B9"/>
<Property name="Previous" type="String" value="B5"/>
<Property name="ButtonStrategy" type="String" value="GoToPage"/>
<Property name="PageNumber" type="Integer" value="10"/>
</Button>
<Button uid="B9" x="921" y="493">
<Property name="Up" type="String" value="B5"/>
<Property name="Down" type="String" value="L69"/>
<Property name="Left" type="String" value="L73"/>
<Property name="Right" type="String" value="L69"/>
<Property name="Next" type="String" value="L69"/>
<Property name="Previous" type="String" value="L73"/>
<Property name="ButtonStrategy" type="String" value="GoToPage"/>
<Property name="PageNumber" type="Integer" value="10"/>
</Button>
<Property name="IsReviewPage" type="String" value="yes"/>
</Page>
<Page>
<Property name="BackgroundLabel" type="String" value="L19"/>
<Label uid="L19" x="0" y="0"/>
<Label uid="L74" x="244" y="0"/>
<Label uid="L75" x="244" y="790"/>
<Button uid="L76" x="294" y="826">
<Property name="Right" type="String" value="L78"/>
<Property name="Next" type="String" value="L78"/>
<Property name="ButtonStrategy" type="String" value="PreviousPage"/>
</Button>
<Label uid="L77" x="1440" y="790"/>
<Button uid="L13" x="1341" y="826">
<Property name="Left" type="String" value="L78"/>
<Property name="Previous" type="String" value="L78"/>
<Property name="ButtonStrategy" type="String" value="CommitBallot"/>
</Button>
<Label uid="L1" x="9" y="1"/>
<Label uid="L2" x="9" y="219"/>
<Label uid="L3" x="9" y="437"/>
<Label uid="L8" x="0" y="655"/>
<Label uid="L78" x="604" y="370">
<Property name="Left" type="String" value="L76"/>
<Property name="Right" type="String" value="L13"/>
<Property name="Next" type="String" value="L13"/>
<Property name="Previous" type="String" value="L76"/>
</Label>
</Page>
<Page>
<Property name="BackgroundLabel" type="String" value="L22"/>
<Label uid="L22" x="0" y="0"/>
<Label uid="L79" x="111" y="0"/>
<Label uid="L80" x="503" y="442"/>
</Page>
<Page>
<Property name="BackgroundLabel" type="String" value="L19"/>
<Label uid="L19" x="0" y="0"/>
<Label uid="L54" x="244" y="0"/>
<Label uid="L56" x="590" y="59">
<Property name="Down" type="String" value="L53"/>
<Property name="Next" type="String" value="L53"/>
</Label>
<Label uid="L16" x="745" y="790"/>
<Button uid="L55" x="882" y="826">
<Property name="Up" type="String" value="B4"/>
<Property name="Previous" type="String" value="B4"/>
<Property name="ButtonStrategy" type="String" value="GoToPage"/>
<Property name="PageNumber" type="Integer" value="5"/>
</Button>
<Label uid="L1" x="9" y="1"/>
<Label uid="L6" x="0" y="219"/>
<Label uid="L3" x="9" y="437"/>
<Label uid="L4" x="9" y="678"/>
<Label uid="L53" x="621" y="389">
<Property name="Up" type="String" value="L56"/>
<Property name="Down" type="String" value="B2"/>
<Property name="Left" type="String" value="L55"/>
<Property name="Right" type="String" value="L55"/>
<Property name="Next" type="String" value="B2"/>
<Property name="Previous" type="String" value="L56"/>
</Label>
<ToggleButtonGroup>
<Property name="ToggleButtonGroupStrategy" type="String" value="Race"/>
<ToggleButton uid="B2" x="621" y="448">
<Property name="Up" type="String" value="L53"/>
<Property name="Down" type="String" value="B3"/>
<Property name="Left" type="String" value="L55"/>
<Property name="Right" type="String" value="L55"/>
<Property name="Next" type="String" value="B3"/>
<Property name="Previous" type="String" value="L53"/>
</ToggleButton>
<ToggleButton uid="B3" x="621" y="488">
<Property name="Up" type="String" value="B2"/>
<Property name="Down" type="String" value="B4"/>
<Property name="Left" type="String" value="L55"/>
<Property name="Right" type="String" value="L55"/>
<Property name="Next" type="String" value="B4"/>
<Property name="Previous" type="String" value="B2"/>
</ToggleButton>
<ToggleButton uid="B4" x="621" y="528">
<Property name="Up" type="String" value="B3"/>
<Property name="Down" type="String" value="L55"/>
<Property name="Left" type="String" value="L55"/>
<Property name="Right" type="String" value="L55"/>
<Property name="Next" type="String" value="L55"/>
<Property name="Previous" type="String" value="B3"/>
</ToggleButton>
</ToggleButtonGroup>
</Page>
<Page>
<Property name="BackgroundLabel" type="String" value="L19"/>
<Label uid="L19" x="0" y="0"/>
<Label uid="L58" x="244" y="0"/>
<Label uid="L60" x="589" y="59">
<Property name="Down" type="String" value="L57"/>
<Property name="Next" type="String" value="L57"/>
</Label>
<Label uid="L16" x="745" y="790"/>
<Button uid="L59" x="882" y="826">
<Property name="Up" type="String" value="B8"/>
<Property name="Previous" type="String" value="B8"/>
<Property name="ButtonStrategy" type="String" value="GoToPage"/>
<Property name="PageNumber" type="Integer" value="5"/>
</Button>
<Label uid="L1" x="9" y="1"/>
<Label uid="L6" x="0" y="219"/>
<Label uid="L3" x="9" y="437"/>
<Label uid="L4" x="9" y="678"/>
<Label uid="L57" x="621" y="371">
<Property name="Up" type="String" value="L60"/>
<Property name="Down" type="String" value="B6"/>
<Property name="Left" type="String" value="L59"/>
<Property name="Right" type="String" value="L59"/>
<Property name="Next" type="String" value="B6"/>
<Property name="Previous" type="String" value="L60"/>
</Label>
<ToggleButtonGroup>
<Property name="ToggleButtonGroupStrategy" type="String" value="Race"/>
<ToggleButton uid="B6" x="621" y="430">
<Property name="Up" type="String" value="L57"/>
<Property name="Down" type="String" value="B7"/>
<Property name="Left" type="String" value="L59"/>
<Property name="Right" type="String" value="L59"/>
<Property name="Next" type="String" value="B7"/>
<Property name="Previous" type="String" value="L57"/>
</ToggleButton>
<ToggleButton uid="B7" x="621" y="470">
<Property name="Up" type="String" value="B6"/>
<Property name="Down" type="String" value="B8"/>
<Property name="Left" type="String" value="L59"/>
<Property name="Right" type="String" value="L59"/>
<Property name="Next" type="String" value="B8"/>
<Property name="Previous" type="String" value="B6"/>
</ToggleButton>
<ToggleButton uid="B8" x="621" y="510">
<Property name="Up" type="String" value="B7"/>
<Property name="Down" type="String" value="L59"/>
<Property name="Left" type="String" value="L59"/>
<Property name="Right" type="String" value="L59"/>
<Property name="Next" type="String" value="L59"/>
<Property name="Previous" type="String" value="B7"/>
</ToggleButton>
</ToggleButtonGroup>
</Page>
<Page>
<Property name="BackgroundLabel" type="String" value="L19"/>
<Label uid="L19" x="0" y="0"/>
<Label uid="L62" x="244" y="0"/>
<Label uid="L64" x="584" y="59">
<Property name="Down" type="String" value="L61"/>
<Property name="Next" type="String" value="L61"/>
</Label>
<Label uid="L16" x="745" y="790"/>
<Button uid="L63" x="882" y="826">
<Property name="Up" type="String" value="B12"/>
<Property name="Previous" type="String" value="B12"/>
<Property name="ButtonStrategy" type="String" value="GoToPage"/>
<Property name="PageNumber" type="Integer" value="5"/>
</Button>
<Label uid="L1" x="9" y="1"/>
<Label uid="L6" x="0" y="219"/>
<Label uid="L3" x="9" y="437"/>
<Label uid="L4" x="9" y="678"/>
<Label uid="L61" x="621" y="371">
<Property name="Up" type="String" value="L64"/>
<Property name="Down" type="String" value="B10"/>
<Property name="Left" type="String" value="L63"/>
<Property name="Right" type="String" value="L63"/>
<Property name="Next" type="String" value="B10"/>
<Property name="Previous" type="String" value="L64"/>
</Label>
<ToggleButtonGroup>
<Property name="ToggleButtonGroupStrategy" type="String" value="Race"/>
<ToggleButton uid="B10" x="621" y="430">
<Property name="Up" type="String" value="L61"/>
<Property name="Down" type="String" value="B11"/>
<Property name="Left" type="String" value="L63"/>
<Property name="Right" type="String" value="L63"/>
<Property name="Next" type="String" value="B11"/>
<Property name="Previous" type="String" value="L61"/>
</ToggleButton>
<ToggleButton uid="B11" x="621" y="470">
<Property name="Up" type="String" value="B10"/>
<Property name="Down" type="String" value="B12"/>
<Property name="Left" type="String" value="L63"/>
<Property name="Right" type="String" value="L63"/>
<Property name="Next" type="String" value="B12"/>
<Property name="Previous" type="String" value="B10"/>
</ToggleButton>
<ToggleButton uid="B12" x="621" y="510">
<Property name="Up" type="String" value="B11"/>
<Property name="Down" type="String" value="L63"/>
<Property name="Left" type="String" value="L63"/>
<Property name="Right" type="String" value="L63"/>
<Property name="Next" type="String" value="L63"/>
<Property name="Previous" type="String" value="B11"/>
</ToggleButton>
</ToggleButtonGroup>
</Page>
<Page>
<Property name="BackgroundLabel" type="String" value="L22"/>
<Label uid="L22" x="0" y="0"/>
<Label uid="L81" x="111" y="0"/>
<Label uid="L82" x="504" y="59">
<Property name="Down" type="String" value="L83"/>
<Property name="Next" type="String" value="L83"/>
</Label>
<Button uid="L83" x="695" y="440">
<Property name="Up" type="String" value="L82"/>
<Property name="Down" type="String" value="L84"/>
<Property name="Next" type="String" value="L84"/>
<Property name="Previous" type="String" value="L82"/>
<Property name="ButtonStrategy" type="String" value="OverrideCancelConfirm"/>
</Button>
<Button uid="L84" x="669" y="530">
<Property name="Up" type="String" value="L83"/>
<Property name="Previous" type="String" value="L83"/>
<Property name="ButtonStrategy" type="String" value="OverrideCancelDeny"/>
</Button>
</Page>
<Page>
<Property name="BackgroundLabel" type="String" value="L22"/>
<Label uid="L22" x="0" y="0"/>
<Label uid="L85" x="111" y="0"/>
<Label uid="L86" x="491" y="59">
<Property name="Down" type="String" value="L87"/>
<Property name="Next" type="String" value="L87"/>
</Label>
<Button uid="L87" x="629" y="440">
<Property name="Up" type="String" value="L86"/>
<Property name="Down" type="String" value="L88"/>
<Property name="Next" type="String" value="L88"/>
<Property name="Previous" type="String" value="L86"/>
<Property name="ButtonStrategy" type="String" value="OverrideCastConfirm"/>
</Button>
<Button uid="L88" x="668" y="530">
<Property name="Up" type="String" value="L87"/>
<Property name="Previous" type="String" value="L87"/>
<Property name="ButtonStrategy" type="String" value="OverrideCastDeny"/>
</Button>
</Page>
<Page>
<Property name="BackgroundLabel" type="String" value="L22"/>
<Label uid="L22" x="0" y="0"/>
<Label uid="L89" x="111" y="0"/>
<Label uid="L90" x="440" y="451"/>
</Page>
<Page>
<Property name="BackgroundLabel" type="String" value="L22"/>
<Label uid="L22" x="0" y="0"/>
<Label uid="L91" x="111" y="0"/>
<Label uid="L92" x="544" y="433"/>
</Page>
</Layout>
